---------------------------------------------------------------
Compiling libFuzzer to /usr/lib/libFuzzingEngine.a...  done.
CC=clang
CXX=clang++
CFLAGS=-O1 -fno-omit-frame-pointer -gline-tables-only -DFUZZING_BUILD_MODE_UNSAFE_FOR_PRODUCTION -fsanitize=address -fsanitize-address-use-after-scope -fsanitize=fuzzer-no-link
CXXFLAGS=-O1 -fno-omit-frame-pointer -gline-tables-only -DFUZZING_BUILD_MODE_UNSAFE_FOR_PRODUCTION -fsanitize=address -fsanitize-address-use-after-scope -fsanitize=fuzzer-no-link -stdlib=libc++
---------------------------------------------------------------
+ export 'CFLAGS=-O1 -fno-omit-frame-pointer -gline-tables-only -DFUZZING_BUILD_MODE_UNSAFE_FOR_PRODUCTION -fsanitize=address -fsanitize-address-use-after-scope -fsanitize=fuzzer-no-link -fno-sanitize=function,vptr'
+ CFLAGS='-O1 -fno-omit-frame-pointer -gline-tables-only -DFUZZING_BUILD_MODE_UNSAFE_FOR_PRODUCTION -fsanitize=address -fsanitize-address-use-after-scope -fsanitize=fuzzer-no-link -fno-sanitize=function,vptr'
+ export 'CXXFLAGS=-O1 -fno-omit-frame-pointer -gline-tables-only -DFUZZING_BUILD_MODE_UNSAFE_FOR_PRODUCTION -fsanitize=address -fsanitize-address-use-after-scope -fsanitize=fuzzer-no-link -stdlib=libc++ -fno-sanitize=function,vptr'
+ CXXFLAGS='-O1 -fno-omit-frame-pointer -gline-tables-only -DFUZZING_BUILD_MODE_UNSAFE_FOR_PRODUCTION -fsanitize=address -fsanitize-address-use-after-scope -fsanitize=fuzzer-no-link -stdlib=libc++ -fno-sanitize=function,vptr'
+ ./autogen.sh
checking for pkg-config... /usr/bin/pkg-config
checking for libtoolize... /usr/bin/libtoolize
checking for gtkdocize... *** No gtkdocize (gtk-doc) found, skipping documentation ***
checking for autoreconf... /usr/bin/autoreconf
running autoreconf --force --install --verbose
autoreconf: Entering directory `.'
autoreconf: configure.ac: not using Gettext
autoreconf: running: aclocal --force -I m4
autoreconf: configure.ac: tracing
autoreconf: running: libtoolize --copy --force
libtoolize: putting auxiliary files in '.'.
libtoolize: copying file './ltmain.sh'
libtoolize: putting macros in AC_CONFIG_MACRO_DIRS, 'm4'.
libtoolize: copying file 'm4/libtool.m4'
libtoolize: copying file 'm4/ltoptions.m4'
libtoolize: copying file 'm4/ltsugar.m4'
libtoolize: copying file 'm4/ltversion.m4'
libtoolize: copying file 'm4/lt~obsolete.m4'
autoreconf: running: /usr/bin/autoconf --force
autoreconf: running: /usr/bin/autoheader --force
autoreconf: running: automake --add-missing --copy --force-missing
configure.ac:18: installing './ar-lib'
configure.ac:15: installing './compile'
configure.ac:20: installing './config.guess'
configure.ac:20: installing './config.sub'
configure.ac:12: installing './install-sh'
configure.ac:12: installing './missing'
Makefile.am: installing './INSTALL'
src/Makefile.am: installing './depcomp'
parallel-tests: installing './test-driver'
test/api/Makefile.am:53: warning: variable 'test_subset_codepoints_LDADD' is defined but no program or
test/api/Makefile.am:53: library has 'test_subset_codepoints' as canonical name (possible typo)
test/subset/data/Makefile.am:8: warning: EXTRA_DIST multiply defined in condition TRUE ...
test/subset/data/Makefile.am:4: ... 'EXTRA_DIST' previously defined here
autoreconf: Leaving directory `.'
running configure 
checking for a BSD-compatible install... /usr/bin/install -c
checking whether build environment is sane... yes
checking for a thread-safe mkdir -p... /bin/mkdir -p
checking for gawk... no
checking for mawk... mawk
checking whether make sets $(MAKE)... yes
checking whether make supports nested variables... yes
checking whether UID '0' is supported by ustar format... yes
checking whether GID '0' is supported by ustar format... yes
checking how to create a ustar tar archive... gnutar
checking whether make supports nested variables... (cached) yes
checking for a sed that does not truncate output... /bin/sed
checking whether to build with code coverage support... no
checking for style of include used by make... GNU
checking for gcc... clang
checking whether the C compiler works... yes
checking for C compiler default output file name... a.out
checking for suffix of executables... 
checking whether we are cross compiling... no
checking for suffix of object files... o
checking whether we are using the GNU C compiler... yes
checking whether clang accepts -g... yes
checking for clang option to accept ISO C89... none needed
checking whether clang understands -c and -o together... yes
checking dependency style of clang... gcc3
checking how to run the C preprocessor... clang -E
checking for grep that handles long lines and -e... /bin/grep
checking for egrep... /bin/grep -E
checking for ANSI C header files... yes
checking for sys/types.h... yes
checking for sys/stat.h... yes
checking for stdlib.h... yes
checking for string.h... yes
checking for memory.h... yes
checking for strings.h... yes
checking for inttypes.h... yes
checking for stdint.h... yes
checking for unistd.h... yes
checking minix/config.h usability... no
checking minix/config.h presence... no
checking for minix/config.h... no
checking whether it is safe to define __EXTENSIONS__... yes
checking for ar... ar
checking the archiver (ar) interface... ar
checking build system type... x86_64-pc-linux-gnu
checking host system type... x86_64-pc-linux-gnu
checking how to print strings... printf
checking for a sed that does not truncate output... (cached) /bin/sed
checking for fgrep... /bin/grep -F
checking for ld used by clang... /usr/bin/ld
checking if the linker (/usr/bin/ld) is GNU ld... yes
checking for BSD- or MS-compatible name lister (nm)... /usr/bin/nm -B
checking the name lister (/usr/bin/nm -B) interface... BSD nm
checking whether ln -s works... yes
checking the maximum length of command line arguments... 1572864
checking how to convert x86_64-pc-linux-gnu file names to x86_64-pc-linux-gnu format... func_convert_file_noop
checking how to convert x86_64-pc-linux-gnu file names to toolchain format... func_convert_file_noop
checking for /usr/bin/ld option to reload object files... -r
checking for objdump... objdump
checking how to recognize dependent libraries... pass_all
checking for dlltool... no
checking how to associate runtime and link libraries... printf %s\n
checking for archiver @FILE support... @
checking for strip... strip
checking for ranlib... ranlib
checking command to parse /usr/bin/nm -B output from clang object... ok
checking for sysroot... no
checking for a working dd... /bin/dd
checking how to truncate binary pipes... /bin/dd bs=4096 count=1
checking for mt... no
checking if : is a manifest tool... no
checking for dlfcn.h... yes
checking for objdir... .libs
checking if clang supports -fno-rtti -fno-exceptions... yes
checking for clang option to produce PIC... -fPIC -DPIC
checking if clang PIC flag -fPIC -DPIC works... yes
checking if clang static flag -static works... no
checking if clang supports -c -o file.o... yes
checking if clang supports -c -o file.o... (cached) yes
checking whether the clang linker (/usr/bin/ld -m elf_x86_64) supports shared libraries... yes
checking whether -lc should be explicitly linked in... no
checking dynamic linker characteristics... GNU/Linux ld.so
checking how to hardcode library paths into programs... immediate
checking whether stripping libraries is possible... yes
checking if libtool supports shared libraries... yes
checking whether to build shared libraries... yes
checking whether to build static libraries... no
checking for gcc... (cached) clang
checking whether we are using the GNU C compiler... (cached) yes
checking whether clang accepts -g... (cached) yes
checking for clang option to accept ISO C89... (cached) none needed
checking whether clang understands -c and -o together... (cached) yes
checking dependency style of clang... (cached) gcc3
checking for clang option to accept ISO C99... none needed
checking whether we are using the GNU C++ compiler... yes
checking whether clang++ accepts -g... yes
checking dependency style of clang++... gcc3
checking how to run the C++ preprocessor... clang++ -E
checking for ld used by clang++... /usr/bin/ld -m elf_x86_64
checking if the linker (/usr/bin/ld -m elf_x86_64) is GNU ld... yes
checking whether the clang++ linker (/usr/bin/ld -m elf_x86_64) supports shared libraries... yes
checking for clang++ option to produce PIC... -fPIC -DPIC
checking if clang++ PIC flag -fPIC -DPIC works... yes
checking if clang++ static flag -static works... no
checking if clang++ supports -c -o file.o... yes
checking if clang++ supports -c -o file.o... (cached) yes
checking whether the clang++ linker (/usr/bin/ld -m elf_x86_64) supports shared libraries... yes
checking dynamic linker characteristics... (cached) GNU/Linux ld.so
checking how to hardcode library paths into programs... immediate
checking for special C compiler options needed for large files... no
checking for _FILE_OFFSET_BITS value needed for large files... no
checking for pkg-config... /usr/bin/pkg-config
checking pkg-config is at least version 0.20... yes
checking for atexit... yes
checking for mprotect... yes
checking for sysconf... yes
checking for getpagesize... yes
checking for mmap... yes
checking for isatty... yes
checking for newlocale... yes
checking for strtod_l... yes
checking for posix_memalign... yes
checking for round... yes
checking for unistd.h... (cached) yes
checking sys/mman.h usability... yes
checking sys/mman.h presence... yes
checking for sys/mman.h... yes
checking xlocale.h usability... yes
checking xlocale.h presence... yes
checking for xlocale.h... yes
checking stdbool.h usability... yes
checking stdbool.h presence... yes
checking for stdbool.h... yes
checking alignment of struct{char;}... 1
checking whether the linker accepts -Bsymbolic-functions... yes
checking for native Win32... no
checking whether clang is Clang... yes
checking whether Clang needs flag to prevent "argument unused" warning when linking with -pthread... no
checking for joinable pthread attribute... PTHREAD_CREATE_JOINABLE
checking whether more special flags are required for pthreads... no
checking for PTHREAD_PRIO_INHERIT... yes
checking for GLIB... no
checking for CAIRO... no
checking for FONTCONFIG... no
checking for ICU... no
checking for icu-config... no
checking for ICU by using icu-config fallback... no
checking for FREETYPE... no
checking for Intel atomic primitives... true
checking for Solaris atomic operations... false
checking that generated files are newer than configure... done
configure: creating ./config.status
config.status: creating Makefile
config.status: creating src/Makefile
config.status: creating src/harfbuzz-config.cmake
config.status: creating src/hb-ucdn/Makefile
config.status: creating util/Makefile
config.status: creating test/Makefile
config.status: creating test/api/Makefile
config.status: creating test/fuzzing/Makefile
config.status: creating test/shaping/Makefile
config.status: creating test/shaping/data/Makefile
config.status: creating test/shaping/data/in-house/Makefile
config.status: creating test/shaping/data/text-rendering-tests/Makefile
config.status: creating test/subset/Makefile
config.status: creating test/subset/data/Makefile
config.status: creating docs/Makefile
config.status: creating docs/version.xml
config.status: creating config.h
config.status: executing depfiles commands
config.status: executing libtool commands
configure:

Build configuration:

Unicode callbacks (you want at least one):
	Builtin (UCDN):		true
	Glib:			false
	ICU:			false

Font callbacks (the more the merrier):
	FreeType:		false

Tools used for command-line utilities:
	Cairo:			false
	Fontconfig:		false

Additional shapers (the more the merrier):
	Graphite2:		false

Platform shapers (not normally needed):
	CoreText:		false
	DirectWrite:		false
	Uniscribe:		false

Other features:
	Documentation:		
	GObject bindings:	false
	Introspection:		false

+ ./configure
checking for a BSD-compatible install... /usr/bin/install -c
checking whether build environment is sane... yes
checking for a thread-safe mkdir -p... /bin/mkdir -p
checking for gawk... no
checking for mawk... mawk
checking whether make sets $(MAKE)... yes
checking whether make supports nested variables... yes
checking whether UID '0' is supported by ustar format... yes
checking whether GID '0' is supported by ustar format... yes
checking how to create a ustar tar archive... gnutar
checking whether make supports nested variables... (cached) yes
checking for a sed that does not truncate output... /bin/sed
checking whether to build with code coverage support... no
checking for style of include used by make... GNU
checking for gcc... clang
checking whether the C compiler works... yes
checking for C compiler default output file name... a.out
checking for suffix of executables... 
checking whether we are cross compiling... no
checking for suffix of object files... o
checking whether we are using the GNU C compiler... yes
checking whether clang accepts -g... yes
checking for clang option to accept ISO C89... none needed
checking whether clang understands -c and -o together... yes
checking dependency style of clang... gcc3
checking how to run the C preprocessor... clang -E
checking for grep that handles long lines and -e... /bin/grep
checking for egrep... /bin/grep -E
checking for ANSI C header files... yes
checking for sys/types.h... yes
checking for sys/stat.h... yes
checking for stdlib.h... yes
checking for string.h... yes
checking for memory.h... yes
checking for strings.h... yes
checking for inttypes.h... yes
checking for stdint.h... yes
checking for unistd.h... yes
checking minix/config.h usability... no
checking minix/config.h presence... no
checking for minix/config.h... no
checking whether it is safe to define __EXTENSIONS__... yes
checking for ar... ar
checking the archiver (ar) interface... ar
checking build system type... x86_64-pc-linux-gnu
checking host system type... x86_64-pc-linux-gnu
checking how to print strings... printf
checking for a sed that does not truncate output... (cached) /bin/sed
checking for fgrep... /bin/grep -F
checking for ld used by clang... /usr/bin/ld
checking if the linker (/usr/bin/ld) is GNU ld... yes
checking for BSD- or MS-compatible name lister (nm)... /usr/bin/nm -B
checking the name lister (/usr/bin/nm -B) interface... BSD nm
checking whether ln -s works... yes
checking the maximum length of command line arguments... 1572864
checking how to convert x86_64-pc-linux-gnu file names to x86_64-pc-linux-gnu format... func_convert_file_noop
checking how to convert x86_64-pc-linux-gnu file names to toolchain format... func_convert_file_noop
checking for /usr/bin/ld option to reload object files... -r
checking for objdump... objdump
checking how to recognize dependent libraries... pass_all
checking for dlltool... no
checking how to associate runtime and link libraries... printf %s\n
checking for archiver @FILE support... @
checking for strip... strip
checking for ranlib... ranlib
checking command to parse /usr/bin/nm -B output from clang object... ok
checking for sysroot... no
checking for a working dd... /bin/dd
checking how to truncate binary pipes... /bin/dd bs=4096 count=1
checking for mt... no
checking if : is a manifest tool... no
checking for dlfcn.h... yes
checking for objdir... .libs
checking if clang supports -fno-rtti -fno-exceptions... yes
checking for clang option to produce PIC... -fPIC -DPIC
checking if clang PIC flag -fPIC -DPIC works... yes
checking if clang static flag -static works... no
checking if clang supports -c -o file.o... yes
checking if clang supports -c -o file.o... (cached) yes
checking whether the clang linker (/usr/bin/ld -m elf_x86_64) supports shared libraries... yes
checking whether -lc should be explicitly linked in... no
checking dynamic linker characteristics... GNU/Linux ld.so
checking how to hardcode library paths into programs... immediate
checking whether stripping libraries is possible... yes
checking if libtool supports shared libraries... yes
checking whether to build shared libraries... yes
checking whether to build static libraries... no
checking for gcc... (cached) clang
checking whether we are using the GNU C compiler... (cached) yes
checking whether clang accepts -g... (cached) yes
checking for clang option to accept ISO C89... (cached) none needed
checking whether clang understands -c and -o together... (cached) yes
checking dependency style of clang... (cached) gcc3
checking for clang option to accept ISO C99... none needed
checking whether we are using the GNU C++ compiler... yes
checking whether clang++ accepts -g... yes
checking dependency style of clang++... gcc3
checking how to run the C++ preprocessor... clang++ -E
checking for ld used by clang++... /usr/bin/ld -m elf_x86_64
checking if the linker (/usr/bin/ld -m elf_x86_64) is GNU ld... yes
checking whether the clang++ linker (/usr/bin/ld -m elf_x86_64) supports shared libraries... yes
checking for clang++ option to produce PIC... -fPIC -DPIC
checking if clang++ PIC flag -fPIC -DPIC works... yes
checking if clang++ static flag -static works... no
checking if clang++ supports -c -o file.o... yes
checking if clang++ supports -c -o file.o... (cached) yes
checking whether the clang++ linker (/usr/bin/ld -m elf_x86_64) supports shared libraries... yes
checking dynamic linker characteristics... (cached) GNU/Linux ld.so
checking how to hardcode library paths into programs... immediate
checking for special C compiler options needed for large files... no
checking for _FILE_OFFSET_BITS value needed for large files... no
checking for pkg-config... /usr/bin/pkg-config
checking pkg-config is at least version 0.20... yes
checking for atexit... yes
checking for mprotect... yes
checking for sysconf... yes
checking for getpagesize... yes
checking for mmap... yes
checking for isatty... yes
checking for newlocale... yes
checking for strtod_l... yes
checking for posix_memalign... yes
checking for round... yes
checking for unistd.h... (cached) yes
checking sys/mman.h usability... yes
checking sys/mman.h presence... yes
checking for sys/mman.h... yes
checking xlocale.h usability... yes
checking xlocale.h presence... yes
checking for xlocale.h... yes
checking stdbool.h usability... yes
checking stdbool.h presence... yes
checking for stdbool.h... yes
checking alignment of struct{char;}... 1
checking whether the linker accepts -Bsymbolic-functions... yes
checking for native Win32... no
checking whether clang is Clang... yes
checking whether Clang needs flag to prevent "argument unused" warning when linking with -pthread... no
checking for joinable pthread attribute... PTHREAD_CREATE_JOINABLE
checking whether more special flags are required for pthreads... no
checking for PTHREAD_PRIO_INHERIT... yes
checking for GLIB... no
checking for CAIRO... no
checking for FONTCONFIG... no
checking for ICU... no
checking for icu-config... no
checking for ICU by using icu-config fallback... no
checking for FREETYPE... no
checking for Intel atomic primitives... true
checking for Solaris atomic operations... false
checking that generated files are newer than configure... done
configure: creating ./config.status
config.status: creating Makefile
config.status: creating src/Makefile
config.status: creating src/harfbuzz-config.cmake
config.status: creating src/hb-ucdn/Makefile
config.status: creating util/Makefile
config.status: creating test/Makefile
config.status: creating test/api/Makefile
config.status: creating test/fuzzing/Makefile
config.status: creating test/shaping/Makefile
config.status: creating test/shaping/data/Makefile
config.status: creating test/shaping/data/in-house/Makefile
config.status: creating test/shaping/data/text-rendering-tests/Makefile
config.status: creating test/subset/Makefile
config.status: creating test/subset/data/Makefile
config.status: creating docs/Makefile
config.status: creating docs/version.xml
config.status: creating config.h
config.status: config.h is unchanged
config.status: executing depfiles commands
config.status: executing libtool commands
configure:

Build configuration:

Unicode callbacks (you want at least one):
	Builtin (UCDN):		true
	Glib:			false
	ICU:			false

Font callbacks (the more the merrier):
	FreeType:		false

Tools used for command-line utilities:
	Cairo:			false
	Fontconfig:		false

Additional shapers (the more the merrier):
	Graphite2:		false

Platform shapers (not normally needed):
	CoreText:		false
	DirectWrite:		false
	Uniscribe:		false

Other features:
	Documentation:		
	GObject bindings:	false
	Introspection:		false

+ make clean
Making clean in src
make[1]: Entering directory '/src/harfbuzz/src'
Making clean in hb-ucdn
make[2]: Entering directory '/src/harfbuzz/src/hb-ucdn'
rm -rf .libs _libs
test -z "libhb-ucdn.la" || rm -f libhb-ucdn.la
rm -f ./so_locations
rm -f *.o
rm -f *.lo
make[2]: Leaving directory '/src/harfbuzz/src/hb-ucdn'
make[2]: Entering directory '/src/harfbuzz/src'
 rm -f dump-indic-data dump-khmer-data dump-myanmar-data dump-use-data test-ot-tag test-unicode-ranges
test -z "libharfbuzz-fuzzing.la libharfbuzz-subset-fuzzing.la harfbuzz.pc harfbuzz-subset.pc   harfbuzz.def harfbuzz-subset.def harfbuzz-icu.def harfbuzz-deprecated.def  " || rm -f libharfbuzz-fuzzing.la libharfbuzz-subset-fuzzing.la harfbuzz.pc harfbuzz-subset.pc   harfbuzz.def harfbuzz-subset.def harfbuzz-icu.def harfbuzz-deprecated.def  
test -z "libharfbuzz.la libharfbuzz-subset.la  " || rm -f libharfbuzz.la libharfbuzz-subset.la  
rm -f ./so_locations
rm -rf .libs _libs
 rm -f main test test-buffer-serialize test-size-params test-would-substitute
rm -f *.o
test -z "check-c-linkage-decls.sh.log check-externs.sh.log check-header-guards.sh.log check-includes.sh.log check-static-inits.sh.log check-symbols.sh.log check-libstdc++.sh.log test-ot-tag.log test-unicode-ranges.log" || rm -f check-c-linkage-decls.sh.log check-externs.sh.log check-header-guards.sh.log check-includes.sh.log check-static-inits.sh.log check-symbols.sh.log check-libstdc++.sh.log test-ot-tag.log test-unicode-ranges.log
test -z "check-c-linkage-decls.sh.trs check-externs.sh.trs check-header-guards.sh.trs check-includes.sh.trs check-static-inits.sh.trs check-symbols.sh.trs check-libstdc++.sh.trs test-ot-tag.trs test-unicode-ranges.trs" || rm -f check-c-linkage-decls.sh.trs check-externs.sh.trs check-header-guards.sh.trs check-includes.sh.trs check-static-inits.sh.trs check-symbols.sh.trs check-libstdc++.sh.trs test-ot-tag.trs test-unicode-ranges.trs
test -z "test-suite.log" || rm -f test-suite.log
rm -f *.lo
make[2]: Leaving directory '/src/harfbuzz/src'
make[1]: Leaving directory '/src/harfbuzz/src'
Making clean in util
make[1]: Entering directory '/src/harfbuzz/util'
 rm -f
test -z "" || rm -f 
rm -rf .libs _libs
rm -f *.o
rm -f *.lo
make[1]: Leaving directory '/src/harfbuzz/util'
Making clean in test
make[1]: Entering directory '/src/harfbuzz/test'
Making clean in api
make[2]: Entering directory '/src/harfbuzz/test/api'
test -z "" || rm -f 
rm -rf .libs _libs
rm -f *.o
test -z "" || rm -f 
test -z "" || rm -f 
test -z "test-suite.log" || rm -f test-suite.log
rm -f *.lo
make[2]: Leaving directory '/src/harfbuzz/test/api'
Making clean in shaping
make[2]: Entering directory '/src/harfbuzz/test/shaping'
Making clean in data
make[3]: Entering directory '/src/harfbuzz/test/shaping/data'
Making clean in in-house
make[4]: Entering directory '/src/harfbuzz/test/shaping/data/in-house'
rm -rf .libs _libs
test -z "tests/aat-trak.log tests/arabic-fallback-shaping.log tests/arabic-feature-order.log tests/arabic-like-joining.log tests/arabic-mark-attach.log tests/arabic-mark-order.log tests/arabic-stch.log tests/automatic-fractions.log tests/cluster.log tests/collections.log tests/color-fonts.log tests/context-matching.log tests/cursive-positioning.log tests/default-ignorables.log tests/emoji.log tests/fallback-positioning.log tests/hangul-jamo.log tests/hyphens.log tests/indic-consonant-with-stacker.log tests/indic-decompose.log tests/indic-init.log tests/indic-joiner-candrabindu.log tests/indic-joiners.log tests/indic-old-spec.log tests/indic-pref-blocking.log tests/indic-script-extensions.log tests/indic-special-cases.log tests/indic-syllable.log tests/indic-vowel-letter-spoofing.log tests/khmer-mark-order.log tests/khmer-misc.log tests/language-tags.log tests/ligature-id.log tests/mark-attachment.log tests/mark-filtering-sets.log tests/mongolian-variation-selector.log tests/myanmar-syllable.log tests/myanmar-zawgyi.log tests/none-directional.log tests/rand.log tests/spaces.log tests/simple.log tests/sinhala.log tests/tibetan-contractions-1.log tests/tibetan-contractions-2.log tests/tibetan-vowels.log tests/use.log tests/use-indic3.log tests/use-marchen.log tests/use-syllable.log tests/variations-rvrn.log tests/vertical.log tests/zero-width-marks.log" || rm -f tests/aat-trak.log tests/arabic-fallback-shaping.log tests/arabic-feature-order.log tests/arabic-like-joining.log tests/arabic-mark-attach.log tests/arabic-mark-order.log tests/arabic-stch.log tests/automatic-fractions.log tests/cluster.log tests/collections.log tests/color-fonts.log tests/context-matching.log tests/cursive-positioning.log tests/default-ignorables.log tests/emoji.log tests/fallback-positioning.log tests/hangul-jamo.log tests/hyphens.log tests/indic-consonant-with-stacker.log tests/indic-decompose.log tests/indic-init.log tests/indic-joiner-candrabindu.log tests/indic-joiners.log tests/indic-old-spec.log tests/indic-pref-blocking.log tests/indic-script-extensions.log tests/indic-special-cases.log tests/indic-syllable.log tests/indic-vowel-letter-spoofing.log tests/khmer-mark-order.log tests/khmer-misc.log tests/language-tags.log tests/ligature-id.log tests/mark-attachment.log tests/mark-filtering-sets.log tests/mongolian-variation-selector.log tests/myanmar-syllable.log tests/myanmar-zawgyi.log tests/none-directional.log tests/rand.log tests/spaces.log tests/simple.log tests/sinhala.log tests/tibetan-contractions-1.log tests/tibetan-contractions-2.log tests/tibetan-vowels.log tests/use.log tests/use-indic3.log tests/use-marchen.log tests/use-syllable.log tests/variations-rvrn.log tests/vertical.log tests/zero-width-marks.log
test -z "tests/aat-trak.trs tests/arabic-fallback-shaping.trs tests/arabic-feature-order.trs tests/arabic-like-joining.trs tests/arabic-mark-attach.trs tests/arabic-mark-order.trs tests/arabic-stch.trs tests/automatic-fractions.trs tests/cluster.trs tests/collections.trs tests/color-fonts.trs tests/context-matching.trs tests/cursive-positioning.trs tests/default-ignorables.trs tests/emoji.trs tests/fallback-positioning.trs tests/hangul-jamo.trs tests/hyphens.trs tests/indic-consonant-with-stacker.trs tests/indic-decompose.trs tests/indic-init.trs tests/indic-joiner-candrabindu.trs tests/indic-joiners.trs tests/indic-old-spec.trs tests/indic-pref-blocking.trs tests/indic-script-extensions.trs tests/indic-special-cases.trs tests/indic-syllable.trs tests/indic-vowel-letter-spoofing.trs tests/khmer-mark-order.trs tests/khmer-misc.trs tests/language-tags.trs tests/ligature-id.trs tests/mark-attachment.trs tests/mark-filtering-sets.trs tests/mongolian-variation-selector.trs tests/myanmar-syllable.trs tests/myanmar-zawgyi.trs tests/none-directional.trs tests/rand.trs tests/spaces.trs tests/simple.trs tests/sinhala.trs tests/tibetan-contractions-1.trs tests/tibetan-contractions-2.trs tests/tibetan-vowels.trs tests/use.trs tests/use-indic3.trs tests/use-marchen.trs tests/use-syllable.trs tests/variations-rvrn.trs tests/vertical.trs tests/zero-width-marks.trs" || rm -f tests/aat-trak.trs tests/arabic-fallback-shaping.trs tests/arabic-feature-order.trs tests/arabic-like-joining.trs tests/arabic-mark-attach.trs tests/arabic-mark-order.trs tests/arabic-stch.trs tests/automatic-fractions.trs tests/cluster.trs tests/collections.trs tests/color-fonts.trs tests/context-matching.trs tests/cursive-positioning.trs tests/default-ignorables.trs tests/emoji.trs tests/fallback-positioning.trs tests/hangul-jamo.trs tests/hyphens.trs tests/indic-consonant-with-stacker.trs tests/indic-decompose.trs tests/indic-init.trs tests/indic-joiner-candrabindu.trs tests/indic-joiners.trs tests/indic-old-spec.trs tests/indic-pref-blocking.trs tests/indic-script-extensions.trs tests/indic-special-cases.trs tests/indic-syllable.trs tests/indic-vowel-letter-spoofing.trs tests/khmer-mark-order.trs tests/khmer-misc.trs tests/language-tags.trs tests/ligature-id.trs tests/mark-attachment.trs tests/mark-filtering-sets.trs tests/mongolian-variation-selector.trs tests/myanmar-syllable.trs tests/myanmar-zawgyi.trs tests/none-directional.trs tests/rand.trs tests/spaces.trs tests/simple.trs tests/sinhala.trs tests/tibetan-contractions-1.trs tests/tibetan-contractions-2.trs tests/tibetan-vowels.trs tests/use.trs tests/use-indic3.trs tests/use-marchen.trs tests/use-syllable.trs tests/variations-rvrn.trs tests/vertical.trs tests/zero-width-marks.trs
test -z "test-suite.log" || rm -f test-suite.log
rm -f *.lo
make[4]: Leaving directory '/src/harfbuzz/test/shaping/data/in-house'
Making clean in text-rendering-tests
make[4]: Entering directory '/src/harfbuzz/test/shaping/data/text-rendering-tests'
rm -rf .libs _libs
test -z "tests/AVAR-1.log tests/CFF-1.log tests/CFF2-1.log tests/CFF-2.log tests/CMAP-1.log tests/CMAP-2.log tests/CVAR-1.log tests/CVAR-2.log tests/GLYF-1.log tests/GPOS-1.log tests/GPOS-2.log tests/GPOS-3.log tests/GPOS-4.log tests/GPOS-5.log tests/GSUB-1.log tests/GSUB-2.log tests/GSUB-3.log tests/GVAR-1.log tests/GVAR-2.log tests/GVAR-3.log tests/GVAR-4.log tests/GVAR-5.log tests/GVAR-6.log tests/GVAR-7.log tests/GVAR-8.log tests/GVAR-9.log tests/HVAR-1.log tests/HVAR-2.log tests/KERN-1.log tests/KERN-2.log tests/MORX-10.log tests/MORX-11.log tests/MORX-12.log tests/MORX-13.log tests/MORX-14.log tests/MORX-16.log tests/MORX-17.log tests/MORX-18.log tests/MORX-19.log tests/MORX-1.log tests/MORX-20.log tests/MORX-21.log tests/MORX-22.log tests/MORX-23.log tests/MORX-24.log tests/MORX-25.log tests/MORX-26.log tests/MORX-27.log tests/MORX-28.log tests/MORX-29.log tests/MORX-2.log tests/MORX-30.log tests/MORX-31.log tests/MORX-32.log tests/MORX-33.log tests/MORX-34.log tests/MORX-35.log tests/MORX-36.log tests/MORX-37.log tests/MORX-38.log tests/MORX-39.log tests/MORX-3.log tests/MORX-40.log tests/MORX-4.log tests/MORX-5.log tests/MORX-6.log tests/MORX-7.log tests/MORX-8.log tests/MORX-9.log tests/SHBALI-3.log tests/SHKNDA-1.log" || rm -f tests/AVAR-1.log tests/CFF-1.log tests/CFF2-1.log tests/CFF-2.log tests/CMAP-1.log tests/CMAP-2.log tests/CVAR-1.log tests/CVAR-2.log tests/GLYF-1.log tests/GPOS-1.log tests/GPOS-2.log tests/GPOS-3.log tests/GPOS-4.log tests/GPOS-5.log tests/GSUB-1.log tests/GSUB-2.log tests/GSUB-3.log tests/GVAR-1.log tests/GVAR-2.log tests/GVAR-3.log tests/GVAR-4.log tests/GVAR-5.log tests/GVAR-6.log tests/GVAR-7.log tests/GVAR-8.log tests/GVAR-9.log tests/HVAR-1.log tests/HVAR-2.log tests/KERN-1.log tests/KERN-2.log tests/MORX-10.log tests/MORX-11.log tests/MORX-12.log tests/MORX-13.log tests/MORX-14.log tests/MORX-16.log tests/MORX-17.log tests/MORX-18.log tests/MORX-19.log tests/MORX-1.log tests/MORX-20.log tests/MORX-21.log tests/MORX-22.log tests/MORX-23.log tests/MORX-24.log tests/MORX-25.log tests/MORX-26.log tests/MORX-27.log tests/MORX-28.log tests/MORX-29.log tests/MORX-2.log tests/MORX-30.log tests/MORX-31.log tests/MORX-32.log tests/MORX-33.log tests/MORX-34.log tests/MORX-35.log tests/MORX-36.log tests/MORX-37.log tests/MORX-38.log tests/MORX-39.log tests/MORX-3.log tests/MORX-40.log tests/MORX-4.log tests/MORX-5.log tests/MORX-6.log tests/MORX-7.log tests/MORX-8.log tests/MORX-9.log tests/SHBALI-3.log tests/SHKNDA-1.log
test -z "tests/AVAR-1.trs tests/CFF-1.trs tests/CFF2-1.trs tests/CFF-2.trs tests/CMAP-1.trs tests/CMAP-2.trs tests/CVAR-1.trs tests/CVAR-2.trs tests/GLYF-1.trs tests/GPOS-1.trs tests/GPOS-2.trs tests/GPOS-3.trs tests/GPOS-4.trs tests/GPOS-5.trs tests/GSUB-1.trs tests/GSUB-2.trs tests/GSUB-3.trs tests/GVAR-1.trs tests/GVAR-2.trs tests/GVAR-3.trs tests/GVAR-4.trs tests/GVAR-5.trs tests/GVAR-6.trs tests/GVAR-7.trs tests/GVAR-8.trs tests/GVAR-9.trs tests/HVAR-1.trs tests/HVAR-2.trs tests/KERN-1.trs tests/KERN-2.trs tests/MORX-10.trs tests/MORX-11.trs tests/MORX-12.trs tests/MORX-13.trs tests/MORX-14.trs tests/MORX-16.trs tests/MORX-17.trs tests/MORX-18.trs tests/MORX-19.trs tests/MORX-1.trs tests/MORX-20.trs tests/MORX-21.trs tests/MORX-22.trs tests/MORX-23.trs tests/MORX-24.trs tests/MORX-25.trs tests/MORX-26.trs tests/MORX-27.trs tests/MORX-28.trs tests/MORX-29.trs tests/MORX-2.trs tests/MORX-30.trs tests/MORX-31.trs tests/MORX-32.trs tests/MORX-33.trs tests/MORX-34.trs tests/MORX-35.trs tests/MORX-36.trs tests/MORX-37.trs tests/MORX-38.trs tests/MORX-39.trs tests/MORX-3.trs tests/MORX-40.trs tests/MORX-4.trs tests/MORX-5.trs tests/MORX-6.trs tests/MORX-7.trs tests/MORX-8.trs tests/MORX-9.trs tests/SHBALI-3.trs tests/SHKNDA-1.trs" || rm -f tests/AVAR-1.trs tests/CFF-1.trs tests/CFF2-1.trs tests/CFF-2.trs tests/CMAP-1.trs tests/CMAP-2.trs tests/CVAR-1.trs tests/CVAR-2.trs tests/GLYF-1.trs tests/GPOS-1.trs tests/GPOS-2.trs tests/GPOS-3.trs tests/GPOS-4.trs tests/GPOS-5.trs tests/GSUB-1.trs tests/GSUB-2.trs tests/GSUB-3.trs tests/GVAR-1.trs tests/GVAR-2.trs tests/GVAR-3.trs tests/GVAR-4.trs tests/GVAR-5.trs tests/GVAR-6.trs tests/GVAR-7.trs tests/GVAR-8.trs tests/GVAR-9.trs tests/HVAR-1.trs tests/HVAR-2.trs tests/KERN-1.trs tests/KERN-2.trs tests/MORX-10.trs tests/MORX-11.trs tests/MORX-12.trs tests/MORX-13.trs tests/MORX-14.trs tests/MORX-16.trs tests/MORX-17.trs tests/MORX-18.trs tests/MORX-19.trs tests/MORX-1.trs tests/MORX-20.trs tests/MORX-21.trs tests/MORX-22.trs tests/MORX-23.trs tests/MORX-24.trs tests/MORX-25.trs tests/MORX-26.trs tests/MORX-27.trs tests/MORX-28.trs tests/MORX-29.trs tests/MORX-2.trs tests/MORX-30.trs tests/MORX-31.trs tests/MORX-32.trs tests/MORX-33.trs tests/MORX-34.trs tests/MORX-35.trs tests/MORX-36.trs tests/MORX-37.trs tests/MORX-38.trs tests/MORX-39.trs tests/MORX-3.trs tests/MORX-40.trs tests/MORX-4.trs tests/MORX-5.trs tests/MORX-6.trs tests/MORX-7.trs tests/MORX-8.trs tests/MORX-9.trs tests/SHBALI-3.trs tests/SHKNDA-1.trs
test -z "test-suite.log" || rm -f test-suite.log
rm -f *.lo
make[4]: Leaving directory '/src/harfbuzz/test/shaping/data/text-rendering-tests'
make[4]: Entering directory '/src/harfbuzz/test/shaping/data'
rm -rf .libs _libs
rm -f *.lo
make[4]: Leaving directory '/src/harfbuzz/test/shaping/data'
make[3]: Leaving directory '/src/harfbuzz/test/shaping/data'
make[3]: Entering directory '/src/harfbuzz/test/shaping'
test -z "hb_test_tools.py[co] " || rm -f hb_test_tools.py[co] 
rm -rf .libs _libs
rm -f *.lo
make[3]: Leaving directory '/src/harfbuzz/test/shaping'
make[2]: Leaving directory '/src/harfbuzz/test/shaping'
Making clean in fuzzing
make[2]: Entering directory '/src/harfbuzz/test/fuzzing'
 rm -f hb-shape-fuzzer hb-subset-fuzzer
test -z "" || rm -f 
rm -rf .libs _libs
rm -f *.o
rm -f *.lo
make[2]: Leaving directory '/src/harfbuzz/test/fuzzing'
Making clean in subset
make[2]: Entering directory '/src/harfbuzz/test/subset'
Making clean in data
make[3]: Entering directory '/src/harfbuzz/test/subset/data'
make[4]: Entering directory '/src/harfbuzz/test/subset/data'
test -z "" || rm -f 
rm -rf .libs _libs
test -z "tests/basics.log tests/full-font.log tests/japanese.log" || rm -f tests/basics.log tests/full-font.log tests/japanese.log
test -z "tests/basics.trs tests/full-font.trs tests/japanese.trs" || rm -f tests/basics.trs tests/full-font.trs tests/japanese.trs
test -z "test-suite.log" || rm -f test-suite.log
rm -f *.lo
make[4]: Leaving directory '/src/harfbuzz/test/subset/data'
make[3]: Leaving directory '/src/harfbuzz/test/subset/data'
make[3]: Entering directory '/src/harfbuzz/test/subset'
test -z "subset_test_suite.py[co] " || rm -f subset_test_suite.py[co] 
rm -rf .libs _libs
rm -f *.lo
make[3]: Leaving directory '/src/harfbuzz/test/subset'
make[2]: Leaving directory '/src/harfbuzz/test/subset'
make[2]: Entering directory '/src/harfbuzz/test'
rm -rf .libs _libs
rm -f *.lo
make[2]: Leaving directory '/src/harfbuzz/test'
make[1]: Leaving directory '/src/harfbuzz/test'
Making clean in docs
make[1]: Entering directory '/src/harfbuzz/docs'
rm -rf .libs _libs
rm -f *.lo
make[1]: Leaving directory '/src/harfbuzz/docs'
make[1]: Entering directory '/src/harfbuzz'
rm -rf .libs _libs
rm -f *.lo
make[1]: Leaving directory '/src/harfbuzz'
++ nproc
+ make -j32 V=1 all
git.mk: Generating .gitignore
make  all-recursive
make[1]: Entering directory '/src/harfbuzz'
Making all in src
make[2]: Entering directory '/src/harfbuzz/src'
git.mk: Generating .gitignore
make  all-recursive
make[3]: Entering directory '/src/harfbuzz/src'
Making all in hb-ucdn
make[4]: Entering directory '/src/harfbuzz/src/hb-ucdn'
/bin/bash ../../libtool  --tag=CC   --mode=compile clang -DHAVE_CONFIG_H -I. -I../..  -I../.. -I../../src -I../../src   -O1 -fno-omit-frame-pointer -gline-tables-only -DFUZZING_BUILD_MODE_UNSAFE_FOR_PRODUCTION -fsanitize=address -fsanitize-address-use-after-scope -fsanitize=fuzzer-no-link -fno-sanitize=function,vptr -MT libhb_ucdn_la-ucdn.lo -MD -MP -MF .deps/libhb_ucdn_la-ucdn.Tpo -c -o libhb_ucdn_la-ucdn.lo `test -f 'ucdn.c' || echo './'`ucdn.c
git.mk: Generating .gitignore
libtool: compile:  clang -DHAVE_CONFIG_H -I. -I../.. -I../.. -I../../src -I../../src -O1 -fno-omit-frame-pointer -gline-tables-only -DFUZZING_BUILD_MODE_UNSAFE_FOR_PRODUCTION -fsanitize=address -fsanitize-address-use-after-scope -fsanitize=fuzzer-no-link -fno-sanitize=function,vptr -MT libhb_ucdn_la-ucdn.lo -MD -MP -MF .deps/libhb_ucdn_la-ucdn.Tpo -c ucdn.c  -fPIC -DPIC -o .libs/libhb_ucdn_la-ucdn.o
mv -f .deps/libhb_ucdn_la-ucdn.Tpo .deps/libhb_ucdn_la-ucdn.Plo
/bin/bash ../../libtool  --tag=CC   --mode=link clang  -O1 -fno-omit-frame-pointer -gline-tables-only -DFUZZING_BUILD_MODE_UNSAFE_FOR_PRODUCTION -fsanitize=address -fsanitize-address-use-after-scope -fsanitize=fuzzer-no-link -fno-sanitize=function,vptr  -Bsymbolic-functions -o libhb-ucdn.la  libhb_ucdn_la-ucdn.lo   
libtool: link: ar cru .libs/libhb-ucdn.a .libs/libhb_ucdn_la-ucdn.o 
ar: `u' modifier ignored since `D' is the default (see `U')
libtool: link: ranlib .libs/libhb-ucdn.a
libtool: link: ( cd ".libs" && rm -f "libhb-ucdn.la" && ln -s "../libhb-ucdn.la" "libhb-ucdn.la" )
make[4]: Leaving directory '/src/harfbuzz/src/hb-ucdn'
make[4]: Entering directory '/src/harfbuzz/src'
/bin/bash ../libtool  --tag=CXX   --mode=compile clang++ -DHAVE_CONFIG_H -I. -I..  -pthread       -I./hb-ucdn     -fno-rtti -O1 -fno-omit-frame-pointer -gline-tables-only -DFUZZING_BUILD_MODE_UNSAFE_FOR_PRODUCTION -fsanitize=address -fsanitize-address-use-after-scope -fsanitize=fuzzer-no-link -stdlib=libc++ -fno-sanitize=function,vptr -fno-exceptions -fno-threadsafe-statics -Wcast-align -fvisibility-inlines-hidden -MT libharfbuzz_la-hb-blob.lo -MD -MP -MF .deps/libharfbuzz_la-hb-blob.Tpo -c -o libharfbuzz_la-hb-blob.lo `test -f 'hb-blob.cc' || echo './'`hb-blob.cc
/bin/bash ../libtool  --tag=CXX   --mode=compile clang++ -DHAVE_CONFIG_H -I. -I..  -pthread       -I./hb-ucdn     -fno-rtti -O1 -fno-omit-frame-pointer -gline-tables-only -DFUZZING_BUILD_MODE_UNSAFE_FOR_PRODUCTION -fsanitize=address -fsanitize-address-use-after-scope -fsanitize=fuzzer-no-link -stdlib=libc++ -fno-sanitize=function,vptr -fno-exceptions -fno-threadsafe-statics -Wcast-align -fvisibility-inlines-hidden -MT libharfbuzz_la-hb-buffer-serialize.lo -MD -MP -MF .deps/libharfbuzz_la-hb-buffer-serialize.Tpo -c -o libharfbuzz_la-hb-buffer-serialize.lo `test -f 'hb-buffer-serialize.cc' || echo './'`hb-buffer-serialize.cc
/bin/bash ../libtool  --tag=CXX   --mode=compile clang++ -DHAVE_CONFIG_H -I. -I..  -pthread       -I./hb-ucdn     -fno-rtti -O1 -fno-omit-frame-pointer -gline-tables-only -DFUZZING_BUILD_MODE_UNSAFE_FOR_PRODUCTION -fsanitize=address -fsanitize-address-use-after-scope -fsanitize=fuzzer-no-link -stdlib=libc++ -fno-sanitize=function,vptr -fno-exceptions -fno-threadsafe-statics -Wcast-align -fvisibility-inlines-hidden -MT libharfbuzz_la-hb-buffer.lo -MD -MP -MF .deps/libharfbuzz_la-hb-buffer.Tpo -c -o libharfbuzz_la-hb-buffer.lo `test -f 'hb-buffer.cc' || echo './'`hb-buffer.cc
/bin/bash ../libtool  --tag=CXX   --mode=compile clang++ -DHAVE_CONFIG_H -I. -I..  -pthread       -I./hb-ucdn     -fno-rtti -O1 -fno-omit-frame-pointer -gline-tables-only -DFUZZING_BUILD_MODE_UNSAFE_FOR_PRODUCTION -fsanitize=address -fsanitize-address-use-after-scope -fsanitize=fuzzer-no-link -stdlib=libc++ -fno-sanitize=function,vptr -fno-exceptions -fno-threadsafe-statics -Wcast-align -fvisibility-inlines-hidden -MT libharfbuzz_la-hb-common.lo -MD -MP -MF .deps/libharfbuzz_la-hb-common.Tpo -c -o libharfbuzz_la-hb-common.lo `test -f 'hb-common.cc' || echo './'`hb-common.cc
/bin/bash ../libtool  --tag=CXX   --mode=compile clang++ -DHAVE_CONFIG_H -I. -I..  -pthread       -I./hb-ucdn     -fno-rtti -O1 -fno-omit-frame-pointer -gline-tables-only -DFUZZING_BUILD_MODE_UNSAFE_FOR_PRODUCTION -fsanitize=address -fsanitize-address-use-after-scope -fsanitize=fuzzer-no-link -stdlib=libc++ -fno-sanitize=function,vptr -fno-exceptions -fno-threadsafe-statics -Wcast-align -fvisibility-inlines-hidden -MT libharfbuzz_la-hb-face.lo -MD -MP -MF .deps/libharfbuzz_la-hb-face.Tpo -c -o libharfbuzz_la-hb-face.lo `test -f 'hb-face.cc' || echo './'`hb-face.cc
/bin/bash ../libtool  --tag=CXX   --mode=compile clang++ -DHAVE_CONFIG_H -I. -I..  -pthread       -I./hb-ucdn     -fno-rtti -O1 -fno-omit-frame-pointer -gline-tables-only -DFUZZING_BUILD_MODE_UNSAFE_FOR_PRODUCTION -fsanitize=address -fsanitize-address-use-after-scope -fsanitize=fuzzer-no-link -stdlib=libc++ -fno-sanitize=function,vptr -fno-exceptions -fno-threadsafe-statics -Wcast-align -fvisibility-inlines-hidden -MT libharfbuzz_la-hb-font.lo -MD -MP -MF .deps/libharfbuzz_la-hb-font.Tpo -c -o libharfbuzz_la-hb-font.lo `test -f 'hb-font.cc' || echo './'`hb-font.cc
/bin/bash ../libtool  --tag=CXX   --mode=compile clang++ -DHAVE_CONFIG_H -I. -I..  -pthread       -I./hb-ucdn     -fno-rtti -O1 -fno-omit-frame-pointer -gline-tables-only -DFUZZING_BUILD_MODE_UNSAFE_FOR_PRODUCTION -fsanitize=address -fsanitize-address-use-after-scope -fsanitize=fuzzer-no-link -stdlib=libc++ -fno-sanitize=function,vptr -fno-exceptions -fno-threadsafe-statics -Wcast-align -fvisibility-inlines-hidden -MT libharfbuzz_la-hb-map.lo -MD -MP -MF .deps/libharfbuzz_la-hb-map.Tpo -c -o libharfbuzz_la-hb-map.lo `test -f 'hb-map.cc' || echo './'`hb-map.cc
/bin/bash ../libtool  --tag=CXX   --mode=compile clang++ -DHAVE_CONFIG_H -I. -I..  -pthread       -I./hb-ucdn     -fno-rtti -O1 -fno-omit-frame-pointer -gline-tables-only -DFUZZING_BUILD_MODE_UNSAFE_FOR_PRODUCTION -fsanitize=address -fsanitize-address-use-after-scope -fsanitize=fuzzer-no-link -stdlib=libc++ -fno-sanitize=function,vptr -fno-exceptions -fno-threadsafe-statics -Wcast-align -fvisibility-inlines-hidden -MT libharfbuzz_la-hb-ot-tag.lo -MD -MP -MF .deps/libharfbuzz_la-hb-ot-tag.Tpo -c -o libharfbuzz_la-hb-ot-tag.lo `test -f 'hb-ot-tag.cc' || echo './'`hb-ot-tag.cc
/bin/bash ../libtool  --tag=CXX   --mode=compile clang++ -DHAVE_CONFIG_H -I. -I..  -pthread       -I./hb-ucdn     -fno-rtti -O1 -fno-omit-frame-pointer -gline-tables-only -DFUZZING_BUILD_MODE_UNSAFE_FOR_PRODUCTION -fsanitize=address -fsanitize-address-use-after-scope -fsanitize=fuzzer-no-link -stdlib=libc++ -fno-sanitize=function,vptr -fno-exceptions -fno-threadsafe-statics -Wcast-align -fvisibility-inlines-hidden -MT libharfbuzz_la-hb-set.lo -MD -MP -MF .deps/libharfbuzz_la-hb-set.Tpo -c -o libharfbuzz_la-hb-set.lo `test -f 'hb-set.cc' || echo './'`hb-set.cc
/bin/bash ../libtool  --tag=CXX   --mode=compile clang++ -DHAVE_CONFIG_H -I. -I..  -pthread       -I./hb-ucdn     -fno-rtti -O1 -fno-omit-frame-pointer -gline-tables-only -DFUZZING_BUILD_MODE_UNSAFE_FOR_PRODUCTION -fsanitize=address -fsanitize-address-use-after-scope -fsanitize=fuzzer-no-link -stdlib=libc++ -fno-sanitize=function,vptr -fno-exceptions -fno-threadsafe-statics -Wcast-align -fvisibility-inlines-hidden -MT libharfbuzz_la-hb-shape.lo -MD -MP -MF .deps/libharfbuzz_la-hb-shape.Tpo -c -o libharfbuzz_la-hb-shape.lo `test -f 'hb-shape.cc' || echo './'`hb-shape.cc
/bin/bash ../libtool  --tag=CXX   --mode=compile clang++ -DHAVE_CONFIG_H -I. -I..  -pthread       -I./hb-ucdn     -fno-rtti -O1 -fno-omit-frame-pointer -gline-tables-only -DFUZZING_BUILD_MODE_UNSAFE_FOR_PRODUCTION -fsanitize=address -fsanitize-address-use-after-scope -fsanitize=fuzzer-no-link -stdlib=libc++ -fno-sanitize=function,vptr -fno-exceptions -fno-threadsafe-statics -Wcast-align -fvisibility-inlines-hidden -MT libharfbuzz_la-hb-shape-plan.lo -MD -MP -MF .deps/libharfbuzz_la-hb-shape-plan.Tpo -c -o libharfbuzz_la-hb-shape-plan.lo `test -f 'hb-shape-plan.cc' || echo './'`hb-shape-plan.cc
/bin/bash ../libtool  --tag=CXX   --mode=compile clang++ -DHAVE_CONFIG_H -I. -I..  -pthread       -I./hb-ucdn     -fno-rtti -O1 -fno-omit-frame-pointer -gline-tables-only -DFUZZING_BUILD_MODE_UNSAFE_FOR_PRODUCTION -fsanitize=address -fsanitize-address-use-after-scope -fsanitize=fuzzer-no-link -stdlib=libc++ -fno-sanitize=function,vptr -fno-exceptions -fno-threadsafe-statics -Wcast-align -fvisibility-inlines-hidden -MT libharfbuzz_la-hb-shaper.lo -MD -MP -MF .deps/libharfbuzz_la-hb-shaper.Tpo -c -o libharfbuzz_la-hb-shaper.lo `test -f 'hb-shaper.cc' || echo './'`hb-shaper.cc
/bin/bash ../libtool  --tag=CXX   --mode=compile clang++ -DHAVE_CONFIG_H -I. -I..  -pthread       -I./hb-ucdn     -fno-rtti -O1 -fno-omit-frame-pointer -gline-tables-only -DFUZZING_BUILD_MODE_UNSAFE_FOR_PRODUCTION -fsanitize=address -fsanitize-address-use-after-scope -fsanitize=fuzzer-no-link -stdlib=libc++ -fno-sanitize=function,vptr -fno-exceptions -fno-threadsafe-statics -Wcast-align -fvisibility-inlines-hidden -MT libharfbuzz_la-hb-static.lo -MD -MP -MF .deps/libharfbuzz_la-hb-static.Tpo -c -o libharfbuzz_la-hb-static.lo `test -f 'hb-static.cc' || echo './'`hb-static.cc
/bin/bash ../libtool  --tag=CXX   --mode=compile clang++ -DHAVE_CONFIG_H -I. -I..  -pthread       -I./hb-ucdn     -fno-rtti -O1 -fno-omit-frame-pointer -gline-tables-only -DFUZZING_BUILD_MODE_UNSAFE_FOR_PRODUCTION -fsanitize=address -fsanitize-address-use-after-scope -fsanitize=fuzzer-no-link -stdlib=libc++ -fno-sanitize=function,vptr -fno-exceptions -fno-threadsafe-statics -Wcast-align -fvisibility-inlines-hidden -MT libharfbuzz_la-hb-unicode.lo -MD -MP -MF .deps/libharfbuzz_la-hb-unicode.Tpo -c -o libharfbuzz_la-hb-unicode.lo `test -f 'hb-unicode.cc' || echo './'`hb-unicode.cc
/bin/bash ../libtool  --tag=CXX   --mode=compile clang++ -DHAVE_CONFIG_H -I. -I..  -pthread       -I./hb-ucdn     -fno-rtti -O1 -fno-omit-frame-pointer -gline-tables-only -DFUZZING_BUILD_MODE_UNSAFE_FOR_PRODUCTION -fsanitize=address -fsanitize-address-use-after-scope -fsanitize=fuzzer-no-link -stdlib=libc++ -fno-sanitize=function,vptr -fno-exceptions -fno-threadsafe-statics -Wcast-align -fvisibility-inlines-hidden -MT libharfbuzz_la-hb-warning.lo -MD -MP -MF .deps/libharfbuzz_la-hb-warning.Tpo -c -o libharfbuzz_la-hb-warning.lo `test -f 'hb-warning.cc' || echo './'`hb-warning.cc
/bin/bash ../libtool  --tag=CXX   --mode=compile clang++ -DHAVE_CONFIG_H -I. -I..  -pthread       -I./hb-ucdn     -fno-rtti -O1 -fno-omit-frame-pointer -gline-tables-only -DFUZZING_BUILD_MODE_UNSAFE_FOR_PRODUCTION -fsanitize=address -fsanitize-address-use-after-scope -fsanitize=fuzzer-no-link -stdlib=libc++ -fno-sanitize=function,vptr -fno-exceptions -fno-threadsafe-statics -Wcast-align -fvisibility-inlines-hidden -MT libharfbuzz_la-hb-aat-layout.lo -MD -MP -MF .deps/libharfbuzz_la-hb-aat-layout.Tpo -c -o libharfbuzz_la-hb-aat-layout.lo `test -f 'hb-aat-layout.cc' || echo './'`hb-aat-layout.cc
/bin/bash ../libtool  --tag=CXX   --mode=compile clang++ -DHAVE_CONFIG_H -I. -I..  -pthread       -I./hb-ucdn     -fno-rtti -O1 -fno-omit-frame-pointer -gline-tables-only -DFUZZING_BUILD_MODE_UNSAFE_FOR_PRODUCTION -fsanitize=address -fsanitize-address-use-after-scope -fsanitize=fuzzer-no-link -stdlib=libc++ -fno-sanitize=function,vptr -fno-exceptions -fno-threadsafe-statics -Wcast-align -fvisibility-inlines-hidden -MT libharfbuzz_la-hb-ot-face.lo -MD -MP -MF .deps/libharfbuzz_la-hb-ot-face.Tpo -c -o libharfbuzz_la-hb-ot-face.lo `test -f 'hb-ot-face.cc' || echo './'`hb-ot-face.cc
/bin/bash ../libtool  --tag=CXX   --mode=compile clang++ -DHAVE_CONFIG_H -I. -I..  -pthread       -I./hb-ucdn     -fno-rtti -O1 -fno-omit-frame-pointer -gline-tables-only -DFUZZING_BUILD_MODE_UNSAFE_FOR_PRODUCTION -fsanitize=address -fsanitize-address-use-after-scope -fsanitize=fuzzer-no-link -stdlib=libc++ -fno-sanitize=function,vptr -fno-exceptions -fno-threadsafe-statics -Wcast-align -fvisibility-inlines-hidden -MT libharfbuzz_la-hb-ot-font.lo -MD -MP -MF .deps/libharfbuzz_la-hb-ot-font.Tpo -c -o libharfbuzz_la-hb-ot-font.lo `test -f 'hb-ot-font.cc' || echo './'`hb-ot-font.cc
/bin/bash ../libtool  --tag=CXX   --mode=compile clang++ -DHAVE_CONFIG_H -I. -I..  -pthread       -I./hb-ucdn     -fno-rtti -O1 -fno-omit-frame-pointer -gline-tables-only -DFUZZING_BUILD_MODE_UNSAFE_FOR_PRODUCTION -fsanitize=address -fsanitize-address-use-after-scope -fsanitize=fuzzer-no-link -stdlib=libc++ -fno-sanitize=function,vptr -fno-exceptions -fno-threadsafe-statics -Wcast-align -fvisibility-inlines-hidden -MT libharfbuzz_la-hb-ot-layout.lo -MD -MP -MF .deps/libharfbuzz_la-hb-ot-layout.Tpo -c -o libharfbuzz_la-hb-ot-layout.lo `test -f 'hb-ot-layout.cc' || echo './'`hb-ot-layout.cc
/bin/bash ../libtool  --tag=CXX   --mode=compile clang++ -DHAVE_CONFIG_H -I. -I..  -pthread       -I./hb-ucdn     -fno-rtti -O1 -fno-omit-frame-pointer -gline-tables-only -DFUZZING_BUILD_MODE_UNSAFE_FOR_PRODUCTION -fsanitize=address -fsanitize-address-use-after-scope -fsanitize=fuzzer-no-link -stdlib=libc++ -fno-sanitize=function,vptr -fno-exceptions -fno-threadsafe-statics -Wcast-align -fvisibility-inlines-hidden -MT libharfbuzz_la-hb-ot-color.lo -MD -MP -MF .deps/libharfbuzz_la-hb-ot-color.Tpo -c -o libharfbuzz_la-hb-ot-color.lo `test -f 'hb-ot-color.cc' || echo './'`hb-ot-color.cc
/bin/bash ../libtool  --tag=CXX   --mode=compile clang++ -DHAVE_CONFIG_H -I. -I..  -pthread       -I./hb-ucdn     -fno-rtti -O1 -fno-omit-frame-pointer -gline-tables-only -DFUZZING_BUILD_MODE_UNSAFE_FOR_PRODUCTION -fsanitize=address -fsanitize-address-use-after-scope -fsanitize=fuzzer-no-link -stdlib=libc++ -fno-sanitize=function,vptr -fno-exceptions -fno-threadsafe-statics -Wcast-align -fvisibility-inlines-hidden -MT libharfbuzz_la-hb-ot-map.lo -MD -MP -MF .deps/libharfbuzz_la-hb-ot-map.Tpo -c -o libharfbuzz_la-hb-ot-map.lo `test -f 'hb-ot-map.cc' || echo './'`hb-ot-map.cc
/bin/bash ../libtool  --tag=CXX   --mode=compile clang++ -DHAVE_CONFIG_H -I. -I..  -pthread       -I./hb-ucdn     -fno-rtti -O1 -fno-omit-frame-pointer -gline-tables-only -DFUZZING_BUILD_MODE_UNSAFE_FOR_PRODUCTION -fsanitize=address -fsanitize-address-use-after-scope -fsanitize=fuzzer-no-link -stdlib=libc++ -fno-sanitize=function,vptr -fno-exceptions -fno-threadsafe-statics -Wcast-align -fvisibility-inlines-hidden -MT libharfbuzz_la-hb-ot-math.lo -MD -MP -MF .deps/libharfbuzz_la-hb-ot-math.Tpo -c -o libharfbuzz_la-hb-ot-math.lo `test -f 'hb-ot-math.cc' || echo './'`hb-ot-math.cc
/bin/bash ../libtool  --tag=CXX   --mode=compile clang++ -DHAVE_CONFIG_H -I. -I..  -pthread       -I./hb-ucdn     -fno-rtti -O1 -fno-omit-frame-pointer -gline-tables-only -DFUZZING_BUILD_MODE_UNSAFE_FOR_PRODUCTION -fsanitize=address -fsanitize-address-use-after-scope -fsanitize=fuzzer-no-link -stdlib=libc++ -fno-sanitize=function,vptr -fno-exceptions -fno-threadsafe-statics -Wcast-align -fvisibility-inlines-hidden -MT libharfbuzz_la-hb-ot-shape.lo -MD -MP -MF .deps/libharfbuzz_la-hb-ot-shape.Tpo -c -o libharfbuzz_la-hb-ot-shape.lo `test -f 'hb-ot-shape.cc' || echo './'`hb-ot-shape.cc
/bin/bash ../libtool  --tag=CXX   --mode=compile clang++ -DHAVE_CONFIG_H -I. -I..  -pthread       -I./hb-ucdn     -fno-rtti -O1 -fno-omit-frame-pointer -gline-tables-only -DFUZZING_BUILD_MODE_UNSAFE_FOR_PRODUCTION -fsanitize=address -fsanitize-address-use-after-scope -fsanitize=fuzzer-no-link -stdlib=libc++ -fno-sanitize=function,vptr -fno-exceptions -fno-threadsafe-statics -Wcast-align -fvisibility-inlines-hidden -MT libharfbuzz_la-hb-ot-shape-complex-arabic.lo -MD -MP -MF .deps/libharfbuzz_la-hb-ot-shape-complex-arabic.Tpo -c -o libharfbuzz_la-hb-ot-shape-complex-arabic.lo `test -f 'hb-ot-shape-complex-arabic.cc' || echo './'`hb-ot-shape-complex-arabic.cc
/bin/bash ../libtool  --tag=CXX   --mode=compile clang++ -DHAVE_CONFIG_H -I. -I..  -pthread       -I./hb-ucdn     -fno-rtti -O1 -fno-omit-frame-pointer -gline-tables-only -DFUZZING_BUILD_MODE_UNSAFE_FOR_PRODUCTION -fsanitize=address -fsanitize-address-use-after-scope -fsanitize=fuzzer-no-link -stdlib=libc++ -fno-sanitize=function,vptr -fno-exceptions -fno-threadsafe-statics -Wcast-align -fvisibility-inlines-hidden -MT libharfbuzz_la-hb-ot-shape-complex-default.lo -MD -MP -MF .deps/libharfbuzz_la-hb-ot-shape-complex-default.Tpo -c -o libharfbuzz_la-hb-ot-shape-complex-default.lo `test -f 'hb-ot-shape-complex-default.cc' || echo './'`hb-ot-shape-complex-default.cc
/bin/bash ../libtool  --tag=CXX   --mode=compile clang++ -DHAVE_CONFIG_H -I. -I..  -pthread       -I./hb-ucdn     -fno-rtti -O1 -fno-omit-frame-pointer -gline-tables-only -DFUZZING_BUILD_MODE_UNSAFE_FOR_PRODUCTION -fsanitize=address -fsanitize-address-use-after-scope -fsanitize=fuzzer-no-link -stdlib=libc++ -fno-sanitize=function,vptr -fno-exceptions -fno-threadsafe-statics -Wcast-align -fvisibility-inlines-hidden -MT libharfbuzz_la-hb-ot-shape-complex-hangul.lo -MD -MP -MF .deps/libharfbuzz_la-hb-ot-shape-complex-hangul.Tpo -c -o libharfbuzz_la-hb-ot-shape-complex-hangul.lo `test -f 'hb-ot-shape-complex-hangul.cc' || echo './'`hb-ot-shape-complex-hangul.cc
/bin/bash ../libtool  --tag=CXX   --mode=compile clang++ -DHAVE_CONFIG_H -I. -I..  -pthread       -I./hb-ucdn     -fno-rtti -O1 -fno-omit-frame-pointer -gline-tables-only -DFUZZING_BUILD_MODE_UNSAFE_FOR_PRODUCTION -fsanitize=address -fsanitize-address-use-after-scope -fsanitize=fuzzer-no-link -stdlib=libc++ -fno-sanitize=function,vptr -fno-exceptions -fno-threadsafe-statics -Wcast-align -fvisibility-inlines-hidden -MT libharfbuzz_la-hb-ot-shape-complex-hebrew.lo -MD -MP -MF .deps/libharfbuzz_la-hb-ot-shape-complex-hebrew.Tpo -c -o libharfbuzz_la-hb-ot-shape-complex-hebrew.lo `test -f 'hb-ot-shape-complex-hebrew.cc' || echo './'`hb-ot-shape-complex-hebrew.cc
/bin/bash ../libtool  --tag=CXX   --mode=compile clang++ -DHAVE_CONFIG_H -I. -I..  -pthread       -I./hb-ucdn     -fno-rtti -O1 -fno-omit-frame-pointer -gline-tables-only -DFUZZING_BUILD_MODE_UNSAFE_FOR_PRODUCTION -fsanitize=address -fsanitize-address-use-after-scope -fsanitize=fuzzer-no-link -stdlib=libc++ -fno-sanitize=function,vptr -fno-exceptions -fno-threadsafe-statics -Wcast-align -fvisibility-inlines-hidden -MT libharfbuzz_la-hb-ot-shape-complex-indic.lo -MD -MP -MF .deps/libharfbuzz_la-hb-ot-shape-complex-indic.Tpo -c -o libharfbuzz_la-hb-ot-shape-complex-indic.lo `test -f 'hb-ot-shape-complex-indic.cc' || echo './'`hb-ot-shape-complex-indic.cc
/bin/bash ../libtool  --tag=CXX   --mode=compile clang++ -DHAVE_CONFIG_H -I. -I..  -pthread       -I./hb-ucdn     -fno-rtti -O1 -fno-omit-frame-pointer -gline-tables-only -DFUZZING_BUILD_MODE_UNSAFE_FOR_PRODUCTION -fsanitize=address -fsanitize-address-use-after-scope -fsanitize=fuzzer-no-link -stdlib=libc++ -fno-sanitize=function,vptr -fno-exceptions -fno-threadsafe-statics -Wcast-align -fvisibility-inlines-hidden -MT libharfbuzz_la-hb-ot-shape-complex-indic-table.lo -MD -MP -MF .deps/libharfbuzz_la-hb-ot-shape-complex-indic-table.Tpo -c -o libharfbuzz_la-hb-ot-shape-complex-indic-table.lo `test -f 'hb-ot-shape-complex-indic-table.cc' || echo './'`hb-ot-shape-complex-indic-table.cc
/bin/bash ../libtool  --tag=CXX   --mode=compile clang++ -DHAVE_CONFIG_H -I. -I..  -pthread       -I./hb-ucdn     -fno-rtti -O1 -fno-omit-frame-pointer -gline-tables-only -DFUZZING_BUILD_MODE_UNSAFE_FOR_PRODUCTION -fsanitize=address -fsanitize-address-use-after-scope -fsanitize=fuzzer-no-link -stdlib=libc++ -fno-sanitize=function,vptr -fno-exceptions -fno-threadsafe-statics -Wcast-align -fvisibility-inlines-hidden -MT libharfbuzz_la-hb-ot-shape-complex-khmer.lo -MD -MP -MF .deps/libharfbuzz_la-hb-ot-shape-complex-khmer.Tpo -c -o libharfbuzz_la-hb-ot-shape-complex-khmer.lo `test -f 'hb-ot-shape-complex-khmer.cc' || echo './'`hb-ot-shape-complex-khmer.cc
/bin/bash ../libtool  --tag=CXX   --mode=compile clang++ -DHAVE_CONFIG_H -I. -I..  -pthread       -I./hb-ucdn     -fno-rtti -O1 -fno-omit-frame-pointer -gline-tables-only -DFUZZING_BUILD_MODE_UNSAFE_FOR_PRODUCTION -fsanitize=address -fsanitize-address-use-after-scope -fsanitize=fuzzer-no-link -stdlib=libc++ -fno-sanitize=function,vptr -fno-exceptions -fno-threadsafe-statics -Wcast-align -fvisibility-inlines-hidden -MT libharfbuzz_la-hb-ot-shape-complex-myanmar.lo -MD -MP -MF .deps/libharfbuzz_la-hb-ot-shape-complex-myanmar.Tpo -c -o libharfbuzz_la-hb-ot-shape-complex-myanmar.lo `test -f 'hb-ot-shape-complex-myanmar.cc' || echo './'`hb-ot-shape-complex-myanmar.cc
/bin/bash ../libtool  --tag=CXX   --mode=compile clang++ -DHAVE_CONFIG_H -I. -I..  -pthread       -I./hb-ucdn     -fno-rtti -O1 -fno-omit-frame-pointer -gline-tables-only -DFUZZING_BUILD_MODE_UNSAFE_FOR_PRODUCTION -fsanitize=address -fsanitize-address-use-after-scope -fsanitize=fuzzer-no-link -stdlib=libc++ -fno-sanitize=function,vptr -fno-exceptions -fno-threadsafe-statics -Wcast-align -fvisibility-inlines-hidden -MT libharfbuzz_la-hb-ot-shape-complex-thai.lo -MD -MP -MF .deps/libharfbuzz_la-hb-ot-shape-complex-thai.Tpo -c -o libharfbuzz_la-hb-ot-shape-complex-thai.lo `test -f 'hb-ot-shape-complex-thai.cc' || echo './'`hb-ot-shape-complex-thai.cc
libtool: compile:  clang++ -DHAVE_CONFIG_H -I. -I.. -pthread -I./hb-ucdn -fno-rtti -O1 -fno-omit-frame-pointer -gline-tables-only -DFUZZING_BUILD_MODE_UNSAFE_FOR_PRODUCTION -fsanitize=address -fsanitize-address-use-after-scope -fsanitize=fuzzer-no-link -stdlib=libc++ -fno-sanitize=function,vptr -fno-exceptions -fno-threadsafe-statics -Wcast-align -fvisibility-inlines-hidden -MT libharfbuzz_la-hb-font.lo -MD -MP -MF .deps/libharfbuzz_la-hb-font.Tpo -c hb-font.cc  -fPIC -DPIC -o .libs/libharfbuzz_la-hb-font.o
libtool: compile:  clang++ -DHAVE_CONFIG_H -I. -I.. -pthread -I./hb-ucdn -fno-rtti -O1 -fno-omit-frame-pointer -gline-tables-only -DFUZZING_BUILD_MODE_UNSAFE_FOR_PRODUCTION -fsanitize=address -fsanitize-address-use-after-scope -fsanitize=fuzzer-no-link -stdlib=libc++ -fno-sanitize=function,vptr -fno-exceptions -fno-threadsafe-statics -Wcast-align -fvisibility-inlines-hidden -MT libharfbuzz_la-hb-shape-plan.lo -MD -MP -MF .deps/libharfbuzz_la-hb-shape-plan.Tpo -c hb-shape-plan.cc  -fPIC -DPIC -o .libs/libharfbuzz_la-hb-shape-plan.o
libtool: compile:  clang++ -DHAVE_CONFIG_H -I. -I.. -pthread -I./hb-ucdn -fno-rtti -O1 -fno-omit-frame-pointer -gline-tables-only -DFUZZING_BUILD_MODE_UNSAFE_FOR_PRODUCTION -fsanitize=address -fsanitize-address-use-after-scope -fsanitize=fuzzer-no-link -stdlib=libc++ -fno-sanitize=function,vptr -fno-exceptions -fno-threadsafe-statics -Wcast-align -fvisibility-inlines-hidden -MT libharfbuzz_la-hb-ot-shape-complex-arabic.lo -MD -MP -MF .deps/libharfbuzz_la-hb-ot-shape-complex-arabic.Tpo -c hb-ot-shape-complex-arabic.cc  -fPIC -DPIC -o .libs/libharfbuzz_la-hb-ot-shape-complex-arabic.o
libtool: compile:  clang++ -DHAVE_CONFIG_H -I. -I.. -pthread -I./hb-ucdn -fno-rtti -O1 -fno-omit-frame-pointer -gline-tables-only -DFUZZING_BUILD_MODE_UNSAFE_FOR_PRODUCTION -fsanitize=address -fsanitize-address-use-after-scope -fsanitize=fuzzer-no-link -stdlib=libc++ -fno-sanitize=function,vptr -fno-exceptions -fno-threadsafe-statics -Wcast-align -fvisibility-inlines-hidden -MT libharfbuzz_la-hb-blob.lo -MD -MP -MF .deps/libharfbuzz_la-hb-blob.Tpo -c hb-blob.cc  -fPIC -DPIC -o .libs/libharfbuzz_la-hb-blob.o
libtool: compile:  clang++ -DHAVE_CONFIG_H -I. -I.. -pthread -I./hb-ucdn -fno-rtti -O1 -fno-omit-frame-pointer -gline-tables-only -DFUZZING_BUILD_MODE_UNSAFE_FOR_PRODUCTION -fsanitize=address -fsanitize-address-use-after-scope -fsanitize=fuzzer-no-link -stdlib=libc++ -fno-sanitize=function,vptr -fno-exceptions -fno-threadsafe-statics -Wcast-align -fvisibility-inlines-hidden -MT libharfbuzz_la-hb-face.lo -MD -MP -MF .deps/libharfbuzz_la-hb-face.Tpo -c hb-face.cc  -fPIC -DPIC -o .libs/libharfbuzz_la-hb-face.o
libtool: compile:  clang++ -DHAVE_CONFIG_H -I. -I.. -pthread -I./hb-ucdn -fno-rtti -O1 -fno-omit-frame-pointer -gline-tables-only -DFUZZING_BUILD_MODE_UNSAFE_FOR_PRODUCTION -fsanitize=address -fsanitize-address-use-after-scope -fsanitize=fuzzer-no-link -stdlib=libc++ -fno-sanitize=function,vptr -fno-exceptions -fno-threadsafe-statics -Wcast-align -fvisibility-inlines-hidden -MT libharfbuzz_la-hb-ot-face.lo -MD -MP -MF .deps/libharfbuzz_la-hb-ot-face.Tpo -c hb-ot-face.cc  -fPIC -DPIC -o .libs/libharfbuzz_la-hb-ot-face.o
libtool: compile:  clang++ -DHAVE_CONFIG_H -I. -I.. -pthread -I./hb-ucdn -fno-rtti -O1 -fno-omit-frame-pointer -gline-tables-only -DFUZZING_BUILD_MODE_UNSAFE_FOR_PRODUCTION -fsanitize=address -fsanitize-address-use-after-scope -fsanitize=fuzzer-no-link -stdlib=libc++ -fno-sanitize=function,vptr -fno-exceptions -fno-threadsafe-statics -Wcast-align -fvisibility-inlines-hidden -MT libharfbuzz_la-hb-ot-tag.lo -MD -MP -MF .deps/libharfbuzz_la-hb-ot-tag.Tpo -c hb-ot-tag.cc  -fPIC -DPIC -o .libs/libharfbuzz_la-hb-ot-tag.o
libtool: compile:  clang++ -DHAVE_CONFIG_H -I. -I.. -pthread -I./hb-ucdn -fno-rtti -O1 -fno-omit-frame-pointer -gline-tables-only -DFUZZING_BUILD_MODE_UNSAFE_FOR_PRODUCTION -fsanitize=address -fsanitize-address-use-after-scope -fsanitize=fuzzer-no-link -stdlib=libc++ -fno-sanitize=function,vptr -fno-exceptions -fno-threadsafe-statics -Wcast-align -fvisibility-inlines-hidden -MT libharfbuzz_la-hb-common.lo -MD -MP -MF .deps/libharfbuzz_la-hb-common.Tpo -c hb-common.cc  -fPIC -DPIC -o .libs/libharfbuzz_la-hb-common.o
libtool: compile:  clang++ -DHAVE_CONFIG_H -I. -I.. -pthread -I./hb-ucdn -fno-rtti -O1 -fno-omit-frame-pointer -gline-tables-only -DFUZZING_BUILD_MODE_UNSAFE_FOR_PRODUCTION -fsanitize=address -fsanitize-address-use-after-scope -fsanitize=fuzzer-no-link -stdlib=libc++ -fno-sanitize=function,vptr -fno-exceptions -fno-threadsafe-statics -Wcast-align -fvisibility-inlines-hidden -MT libharfbuzz_la-hb-map.lo -MD -MP -MF .deps/libharfbuzz_la-hb-map.Tpo -c hb-map.cc  -fPIC -DPIC -o .libs/libharfbuzz_la-hb-map.o
libtool: compile:  clang++ -DHAVE_CONFIG_H -I. -I.. -pthread -I./hb-ucdn -fno-rtti -O1 -fno-omit-frame-pointer -gline-tables-only -DFUZZING_BUILD_MODE_UNSAFE_FOR_PRODUCTION -fsanitize=address -fsanitize-address-use-after-scope -fsanitize=fuzzer-no-link -stdlib=libc++ -fno-sanitize=function,vptr -fno-exceptions -fno-threadsafe-statics -Wcast-align -fvisibility-inlines-hidden -MT libharfbuzz_la-hb-set.lo -MD -MP -MF .deps/libharfbuzz_la-hb-set.Tpo -c hb-set.cc  -fPIC -DPIC -o .libs/libharfbuzz_la-hb-set.o
libtool: compile:  clang++ -DHAVE_CONFIG_H -I. -I.. -pthread -I./hb-ucdn -fno-rtti -O1 -fno-omit-frame-pointer -gline-tables-only -DFUZZING_BUILD_MODE_UNSAFE_FOR_PRODUCTION -fsanitize=address -fsanitize-address-use-after-scope -fsanitize=fuzzer-no-link -stdlib=libc++ -fno-sanitize=function,vptr -fno-exceptions -fno-threadsafe-statics -Wcast-align -fvisibility-inlines-hidden -MT libharfbuzz_la-hb-ot-shape-complex-myanmar.lo -MD -MP -MF .deps/libharfbuzz_la-hb-ot-shape-complex-myanmar.Tpo -c hb-ot-shape-complex-myanmar.cc  -fPIC -DPIC -o .libs/libharfbuzz_la-hb-ot-shape-complex-myanmar.o
libtool: compile:  clang++ -DHAVE_CONFIG_H -I. -I.. -pthread -I./hb-ucdn -fno-rtti -O1 -fno-omit-frame-pointer -gline-tables-only -DFUZZING_BUILD_MODE_UNSAFE_FOR_PRODUCTION -fsanitize=address -fsanitize-address-use-after-scope -fsanitize=fuzzer-no-link -stdlib=libc++ -fno-sanitize=function,vptr -fno-exceptions -fno-threadsafe-statics -Wcast-align -fvisibility-inlines-hidden -MT libharfbuzz_la-hb-ot-shape.lo -MD -MP -MF .deps/libharfbuzz_la-hb-ot-shape.Tpo -c hb-ot-shape.cc  -fPIC -DPIC -o .libs/libharfbuzz_la-hb-ot-shape.o
libtool: compile:  clang++ -DHAVE_CONFIG_H -I. -I.. -pthread -I./hb-ucdn -fno-rtti -O1 -fno-omit-frame-pointer -gline-tables-only -DFUZZING_BUILD_MODE_UNSAFE_FOR_PRODUCTION -fsanitize=address -fsanitize-address-use-after-scope -fsanitize=fuzzer-no-link -stdlib=libc++ -fno-sanitize=function,vptr -fno-exceptions -fno-threadsafe-statics -Wcast-align -fvisibility-inlines-hidden -MT libharfbuzz_la-hb-ot-layout.lo -MD -MP -MF .deps/libharfbuzz_la-hb-ot-layout.Tpo -c hb-ot-layout.cc  -fPIC -DPIC -o .libs/libharfbuzz_la-hb-ot-layout.o
libtool: compile:  clang++ -DHAVE_CONFIG_H -I. -I.. -pthread -I./hb-ucdn -fno-rtti -O1 -fno-omit-frame-pointer -gline-tables-only -DFUZZING_BUILD_MODE_UNSAFE_FOR_PRODUCTION -fsanitize=address -fsanitize-address-use-after-scope -fsanitize=fuzzer-no-link -stdlib=libc++ -fno-sanitize=function,vptr -fno-exceptions -fno-threadsafe-statics -Wcast-align -fvisibility-inlines-hidden -MT libharfbuzz_la-hb-ot-font.lo -MD -MP -MF .deps/libharfbuzz_la-hb-ot-font.Tpo -c hb-ot-font.cc  -fPIC -DPIC -o .libs/libharfbuzz_la-hb-ot-font.o
libtool: compile:  clang++ -DHAVE_CONFIG_H -I. -I.. -pthread -I./hb-ucdn -fno-rtti -O1 -fno-omit-frame-pointer -gline-tables-only -DFUZZING_BUILD_MODE_UNSAFE_FOR_PRODUCTION -fsanitize=address -fsanitize-address-use-after-scope -fsanitize=fuzzer-no-link -stdlib=libc++ -fno-sanitize=function,vptr -fno-exceptions -fno-threadsafe-statics -Wcast-align -fvisibility-inlines-hidden -MT libharfbuzz_la-hb-ot-shape-complex-hangul.lo -MD -MP -MF .deps/libharfbuzz_la-hb-ot-shape-complex-hangul.Tpo -c hb-ot-shape-complex-hangul.cc  -fPIC -DPIC -o .libs/libharfbuzz_la-hb-ot-shape-complex-hangul.o
libtool: compile:  clang++ -DHAVE_CONFIG_H -I. -I.. -pthread -I./hb-ucdn -fno-rtti -O1 -fno-omit-frame-pointer -gline-tables-only -DFUZZING_BUILD_MODE_UNSAFE_FOR_PRODUCTION -fsanitize=address -fsanitize-address-use-after-scope -fsanitize=fuzzer-no-link -stdlib=libc++ -fno-sanitize=function,vptr -fno-exceptions -fno-threadsafe-statics -Wcast-align -fvisibility-inlines-hidden -MT libharfbuzz_la-hb-ot-math.lo -MD -MP -MF .deps/libharfbuzz_la-hb-ot-math.Tpo -c hb-ot-math.cc  -fPIC -DPIC -o .libs/libharfbuzz_la-hb-ot-math.o
libtool: compile:  clang++ -DHAVE_CONFIG_H -I. -I.. -pthread -I./hb-ucdn -fno-rtti -O1 -fno-omit-frame-pointer -gline-tables-only -DFUZZING_BUILD_MODE_UNSAFE_FOR_PRODUCTION -fsanitize=address -fsanitize-address-use-after-scope -fsanitize=fuzzer-no-link -stdlib=libc++ -fno-sanitize=function,vptr -fno-exceptions -fno-threadsafe-statics -Wcast-align -fvisibility-inlines-hidden -MT libharfbuzz_la-hb-warning.lo -MD -MP -MF .deps/libharfbuzz_la-hb-warning.Tpo -c hb-warning.cc  -fPIC -DPIC -o .libs/libharfbuzz_la-hb-warning.o
libtool: compile:  clang++ -DHAVE_CONFIG_H -I. -I.. -pthread -I./hb-ucdn -fno-rtti -O1 -fno-omit-frame-pointer -gline-tables-only -DFUZZING_BUILD_MODE_UNSAFE_FOR_PRODUCTION -fsanitize=address -fsanitize-address-use-after-scope -fsanitize=fuzzer-no-link -stdlib=libc++ -fno-sanitize=function,vptr -fno-exceptions -fno-threadsafe-statics -Wcast-align -fvisibility-inlines-hidden -MT libharfbuzz_la-hb-buffer.lo -MD -MP -MF .deps/libharfbuzz_la-hb-buffer.Tpo -c hb-buffer.cc  -fPIC -DPIC -o .libs/libharfbuzz_la-hb-buffer.o
libtool: compile:  clang++ -DHAVE_CONFIG_H -I. -I.. -pthread -I./hb-ucdn -fno-rtti -O1 -fno-omit-frame-pointer -gline-tables-only -DFUZZING_BUILD_MODE_UNSAFE_FOR_PRODUCTION -fsanitize=address -fsanitize-address-use-after-scope -fsanitize=fuzzer-no-link -stdlib=libc++ -fno-sanitize=function,vptr -fno-exceptions -fno-threadsafe-statics -Wcast-align -fvisibility-inlines-hidden -MT libharfbuzz_la-hb-shaper.lo -MD -MP -MF .deps/libharfbuzz_la-hb-shaper.Tpo -c hb-shaper.cc  -fPIC -DPIC -o .libs/libharfbuzz_la-hb-shaper.o
libtool: compile:  clang++ -DHAVE_CONFIG_H -I. -I.. -pthread -I./hb-ucdn -fno-rtti -O1 -fno-omit-frame-pointer -gline-tables-only -DFUZZING_BUILD_MODE_UNSAFE_FOR_PRODUCTION -fsanitize=address -fsanitize-address-use-after-scope -fsanitize=fuzzer-no-link -stdlib=libc++ -fno-sanitize=function,vptr -fno-exceptions -fno-threadsafe-statics -Wcast-align -fvisibility-inlines-hidden -MT libharfbuzz_la-hb-ot-shape-complex-indic.lo -MD -MP -MF .deps/libharfbuzz_la-hb-ot-shape-complex-indic.Tpo -c hb-ot-shape-complex-indic.cc  -fPIC -DPIC -o .libs/libharfbuzz_la-hb-ot-shape-complex-indic.o
libtool: compile:  clang++ -DHAVE_CONFIG_H -I. -I.. -pthread -I./hb-ucdn -fno-rtti -O1 -fno-omit-frame-pointer -gline-tables-only -DFUZZING_BUILD_MODE_UNSAFE_FOR_PRODUCTION -fsanitize=address -fsanitize-address-use-after-scope -fsanitize=fuzzer-no-link -stdlib=libc++ -fno-sanitize=function,vptr -fno-exceptions -fno-threadsafe-statics -Wcast-align -fvisibility-inlines-hidden -MT libharfbuzz_la-hb-buffer-serialize.lo -MD -MP -MF .deps/libharfbuzz_la-hb-buffer-serialize.Tpo -c hb-buffer-serialize.cc  -fPIC -DPIC -o .libs/libharfbuzz_la-hb-buffer-serialize.o
libtool: compile:  clang++ -DHAVE_CONFIG_H -I. -I.. -pthread -I./hb-ucdn -fno-rtti -O1 -fno-omit-frame-pointer -gline-tables-only -DFUZZING_BUILD_MODE_UNSAFE_FOR_PRODUCTION -fsanitize=address -fsanitize-address-use-after-scope -fsanitize=fuzzer-no-link -stdlib=libc++ -fno-sanitize=function,vptr -fno-exceptions -fno-threadsafe-statics -Wcast-align -fvisibility-inlines-hidden -MT libharfbuzz_la-hb-shape.lo -MD -MP -MF .deps/libharfbuzz_la-hb-shape.Tpo -c hb-shape.cc  -fPIC -DPIC -o .libs/libharfbuzz_la-hb-shape.o
libtool: compile:  clang++ -DHAVE_CONFIG_H -I. -I.. -pthread -I./hb-ucdn -fno-rtti -O1 -fno-omit-frame-pointer -gline-tables-only -DFUZZING_BUILD_MODE_UNSAFE_FOR_PRODUCTION -fsanitize=address -fsanitize-address-use-after-scope -fsanitize=fuzzer-no-link -stdlib=libc++ -fno-sanitize=function,vptr -fno-exceptions -fno-threadsafe-statics -Wcast-align -fvisibility-inlines-hidden -MT libharfbuzz_la-hb-ot-shape-complex-hebrew.lo -MD -MP -MF .deps/libharfbuzz_la-hb-ot-shape-complex-hebrew.Tpo -c hb-ot-shape-complex-hebrew.cc  -fPIC -DPIC -o .libs/libharfbuzz_la-hb-ot-shape-complex-hebrew.o
libtool: compile:  clang++ -DHAVE_CONFIG_H -I. -I.. -pthread -I./hb-ucdn -fno-rtti -O1 -fno-omit-frame-pointer -gline-tables-only -DFUZZING_BUILD_MODE_UNSAFE_FOR_PRODUCTION -fsanitize=address -fsanitize-address-use-after-scope -fsanitize=fuzzer-no-link -stdlib=libc++ -fno-sanitize=function,vptr -fno-exceptions -fno-threadsafe-statics -Wcast-align -fvisibility-inlines-hidden -MT libharfbuzz_la-hb-unicode.lo -MD -MP -MF .deps/libharfbuzz_la-hb-unicode.Tpo -c hb-unicode.cc  -fPIC -DPIC -o .libs/libharfbuzz_la-hb-unicode.o
libtool: compile:  clang++ -DHAVE_CONFIG_H -I. -I.. -pthread -I./hb-ucdn -fno-rtti -O1 -fno-omit-frame-pointer -gline-tables-only -DFUZZING_BUILD_MODE_UNSAFE_FOR_PRODUCTION -fsanitize=address -fsanitize-address-use-after-scope -fsanitize=fuzzer-no-link -stdlib=libc++ -fno-sanitize=function,vptr -fno-exceptions -fno-threadsafe-statics -Wcast-align -fvisibility-inlines-hidden -MT libharfbuzz_la-hb-aat-layout.lo -MD -MP -MF .deps/libharfbuzz_la-hb-aat-layout.Tpo -c hb-aat-layout.cc  -fPIC -DPIC -o .libs/libharfbuzz_la-hb-aat-layout.o
libtool: compile:  clang++ -DHAVE_CONFIG_H -I. -I.. -pthread -I./hb-ucdn -fno-rtti -O1 -fno-omit-frame-pointer -gline-tables-only -DFUZZING_BUILD_MODE_UNSAFE_FOR_PRODUCTION -fsanitize=address -fsanitize-address-use-after-scope -fsanitize=fuzzer-no-link -stdlib=libc++ -fno-sanitize=function,vptr -fno-exceptions -fno-threadsafe-statics -Wcast-align -fvisibility-inlines-hidden -MT libharfbuzz_la-hb-ot-map.lo -MD -MP -MF .deps/libharfbuzz_la-hb-ot-map.Tpo -c hb-ot-map.cc  -fPIC -DPIC -o .libs/libharfbuzz_la-hb-ot-map.o
libtool: compile:  clang++ -DHAVE_CONFIG_H -I. -I.. -pthread -I./hb-ucdn -fno-rtti -O1 -fno-omit-frame-pointer -gline-tables-only -DFUZZING_BUILD_MODE_UNSAFE_FOR_PRODUCTION -fsanitize=address -fsanitize-address-use-after-scope -fsanitize=fuzzer-no-link -stdlib=libc++ -fno-sanitize=function,vptr -fno-exceptions -fno-threadsafe-statics -Wcast-align -fvisibility-inlines-hidden -MT libharfbuzz_la-hb-ot-shape-complex-default.lo -MD -MP -MF .deps/libharfbuzz_la-hb-ot-shape-complex-default.Tpo -c hb-ot-shape-complex-default.cc  -fPIC -DPIC -o .libs/libharfbuzz_la-hb-ot-shape-complex-default.o
libtool: compile:  clang++ -DHAVE_CONFIG_H -I. -I.. -pthread -I./hb-ucdn -fno-rtti -O1 -fno-omit-frame-pointer -gline-tables-only -DFUZZING_BUILD_MODE_UNSAFE_FOR_PRODUCTION -fsanitize=address -fsanitize-address-use-after-scope -fsanitize=fuzzer-no-link -stdlib=libc++ -fno-sanitize=function,vptr -fno-exceptions -fno-threadsafe-statics -Wcast-align -fvisibility-inlines-hidden -MT libharfbuzz_la-hb-ot-color.lo -MD -MP -MF .deps/libharfbuzz_la-hb-ot-color.Tpo -c hb-ot-color.cc  -fPIC -DPIC -o .libs/libharfbuzz_la-hb-ot-color.o
libtool: compile:  clang++ -DHAVE_CONFIG_H -I. -I.. -pthread -I./hb-ucdn -fno-rtti -O1 -fno-omit-frame-pointer -gline-tables-only -DFUZZING_BUILD_MODE_UNSAFE_FOR_PRODUCTION -fsanitize=address -fsanitize-address-use-after-scope -fsanitize=fuzzer-no-link -stdlib=libc++ -fno-sanitize=function,vptr -fno-exceptions -fno-threadsafe-statics -Wcast-align -fvisibility-inlines-hidden -MT libharfbuzz_la-hb-static.lo -MD -MP -MF .deps/libharfbuzz_la-hb-static.Tpo -c hb-static.cc  -fPIC -DPIC -o .libs/libharfbuzz_la-hb-static.o
libtool: compile:  clang++ -DHAVE_CONFIG_H -I. -I.. -pthread -I./hb-ucdn -fno-rtti -O1 -fno-omit-frame-pointer -gline-tables-only -DFUZZING_BUILD_MODE_UNSAFE_FOR_PRODUCTION -fsanitize=address -fsanitize-address-use-after-scope -fsanitize=fuzzer-no-link -stdlib=libc++ -fno-sanitize=function,vptr -fno-exceptions -fno-threadsafe-statics -Wcast-align -fvisibility-inlines-hidden -MT libharfbuzz_la-hb-ot-shape-complex-indic-table.lo -MD -MP -MF .deps/libharfbuzz_la-hb-ot-shape-complex-indic-table.Tpo -c hb-ot-shape-complex-indic-table.cc  -fPIC -DPIC -o .libs/libharfbuzz_la-hb-ot-shape-complex-indic-table.o
libtool: compile:  clang++ -DHAVE_CONFIG_H -I. -I.. -pthread -I./hb-ucdn -fno-rtti -O1 -fno-omit-frame-pointer -gline-tables-only -DFUZZING_BUILD_MODE_UNSAFE_FOR_PRODUCTION -fsanitize=address -fsanitize-address-use-after-scope -fsanitize=fuzzer-no-link -stdlib=libc++ -fno-sanitize=function,vptr -fno-exceptions -fno-threadsafe-statics -Wcast-align -fvisibility-inlines-hidden -MT libharfbuzz_la-hb-ot-shape-complex-khmer.lo -MD -MP -MF .deps/libharfbuzz_la-hb-ot-shape-complex-khmer.Tpo -c hb-ot-shape-complex-khmer.cc  -fPIC -DPIC -o .libs/libharfbuzz_la-hb-ot-shape-complex-khmer.o
libtool: compile:  clang++ -DHAVE_CONFIG_H -I. -I.. -pthread -I./hb-ucdn -fno-rtti -O1 -fno-omit-frame-pointer -gline-tables-only -DFUZZING_BUILD_MODE_UNSAFE_FOR_PRODUCTION -fsanitize=address -fsanitize-address-use-after-scope -fsanitize=fuzzer-no-link -stdlib=libc++ -fno-sanitize=function,vptr -fno-exceptions -fno-threadsafe-statics -Wcast-align -fvisibility-inlines-hidden -MT libharfbuzz_la-hb-ot-shape-complex-thai.lo -MD -MP -MF .deps/libharfbuzz_la-hb-ot-shape-complex-thai.Tpo -c hb-ot-shape-complex-thai.cc  -fPIC -DPIC -o .libs/libharfbuzz_la-hb-ot-shape-complex-thai.o
mv -f .deps/libharfbuzz_la-hb-warning.Tpo .deps/libharfbuzz_la-hb-warning.Plo
/bin/bash ../libtool  --tag=CXX   --mode=compile clang++ -DHAVE_CONFIG_H -I. -I..  -pthread       -I./hb-ucdn     -fno-rtti -O1 -fno-omit-frame-pointer -gline-tables-only -DFUZZING_BUILD_MODE_UNSAFE_FOR_PRODUCTION -fsanitize=address -fsanitize-address-use-after-scope -fsanitize=fuzzer-no-link -stdlib=libc++ -fno-sanitize=function,vptr -fno-exceptions -fno-threadsafe-statics -Wcast-align -fvisibility-inlines-hidden -MT libharfbuzz_la-hb-ot-shape-complex-use.lo -MD -MP -MF .deps/libharfbuzz_la-hb-ot-shape-complex-use.Tpo -c -o libharfbuzz_la-hb-ot-shape-complex-use.lo `test -f 'hb-ot-shape-complex-use.cc' || echo './'`hb-ot-shape-complex-use.cc
mv -f .deps/libharfbuzz_la-hb-shaper.Tpo .deps/libharfbuzz_la-hb-shaper.Plo
/bin/bash ../libtool  --tag=CXX   --mode=compile clang++ -DHAVE_CONFIG_H -I. -I..  -pthread       -I./hb-ucdn     -fno-rtti -O1 -fno-omit-frame-pointer -gline-tables-only -DFUZZING_BUILD_MODE_UNSAFE_FOR_PRODUCTION -fsanitize=address -fsanitize-address-use-after-scope -fsanitize=fuzzer-no-link -stdlib=libc++ -fno-sanitize=function,vptr -fno-exceptions -fno-threadsafe-statics -Wcast-align -fvisibility-inlines-hidden -MT libharfbuzz_la-hb-ot-shape-complex-use-table.lo -MD -MP -MF .deps/libharfbuzz_la-hb-ot-shape-complex-use-table.Tpo -c -o libharfbuzz_la-hb-ot-shape-complex-use-table.lo `test -f 'hb-ot-shape-complex-use-table.cc' || echo './'`hb-ot-shape-complex-use-table.cc
mv -f .deps/libharfbuzz_la-hb-shape.Tpo .deps/libharfbuzz_la-hb-shape.Plo
/bin/bash ../libtool  --tag=CXX   --mode=compile clang++ -DHAVE_CONFIG_H -I. -I..  -pthread       -I./hb-ucdn     -fno-rtti -O1 -fno-omit-frame-pointer -gline-tables-only -DFUZZING_BUILD_MODE_UNSAFE_FOR_PRODUCTION -fsanitize=address -fsanitize-address-use-after-scope -fsanitize=fuzzer-no-link -stdlib=libc++ -fno-sanitize=function,vptr -fno-exceptions -fno-threadsafe-statics -Wcast-align -fvisibility-inlines-hidden -MT libharfbuzz_la-hb-ot-shape-normalize.lo -MD -MP -MF .deps/libharfbuzz_la-hb-ot-shape-normalize.Tpo -c -o libharfbuzz_la-hb-ot-shape-normalize.lo `test -f 'hb-ot-shape-normalize.cc' || echo './'`hb-ot-shape-normalize.cc
libtool: compile:  clang++ -DHAVE_CONFIG_H -I. -I.. -pthread -I./hb-ucdn -fno-rtti -O1 -fno-omit-frame-pointer -gline-tables-only -DFUZZING_BUILD_MODE_UNSAFE_FOR_PRODUCTION -fsanitize=address -fsanitize-address-use-after-scope -fsanitize=fuzzer-no-link -stdlib=libc++ -fno-sanitize=function,vptr -fno-exceptions -fno-threadsafe-statics -Wcast-align -fvisibility-inlines-hidden -MT libharfbuzz_la-hb-ot-shape-complex-use.lo -MD -MP -MF .deps/libharfbuzz_la-hb-ot-shape-complex-use.Tpo -c hb-ot-shape-complex-use.cc  -fPIC -DPIC -o .libs/libharfbuzz_la-hb-ot-shape-complex-use.o
mv -f .deps/libharfbuzz_la-hb-blob.Tpo .deps/libharfbuzz_la-hb-blob.Plo
/bin/bash ../libtool  --tag=CXX   --mode=compile clang++ -DHAVE_CONFIG_H -I. -I..  -pthread       -I./hb-ucdn     -fno-rtti -O1 -fno-omit-frame-pointer -gline-tables-only -DFUZZING_BUILD_MODE_UNSAFE_FOR_PRODUCTION -fsanitize=address -fsanitize-address-use-after-scope -fsanitize=fuzzer-no-link -stdlib=libc++ -fno-sanitize=function,vptr -fno-exceptions -fno-threadsafe-statics -Wcast-align -fvisibility-inlines-hidden -MT libharfbuzz_la-hb-ot-shape-fallback.lo -MD -MP -MF .deps/libharfbuzz_la-hb-ot-shape-fallback.Tpo -c -o libharfbuzz_la-hb-ot-shape-fallback.lo `test -f 'hb-ot-shape-fallback.cc' || echo './'`hb-ot-shape-fallback.cc
libtool: compile:  clang++ -DHAVE_CONFIG_H -I. -I.. -pthread -I./hb-ucdn -fno-rtti -O1 -fno-omit-frame-pointer -gline-tables-only -DFUZZING_BUILD_MODE_UNSAFE_FOR_PRODUCTION -fsanitize=address -fsanitize-address-use-after-scope -fsanitize=fuzzer-no-link -stdlib=libc++ -fno-sanitize=function,vptr -fno-exceptions -fno-threadsafe-statics -Wcast-align -fvisibility-inlines-hidden -MT libharfbuzz_la-hb-ot-shape-normalize.lo -MD -MP -MF .deps/libharfbuzz_la-hb-ot-shape-normalize.Tpo -c hb-ot-shape-normalize.cc  -fPIC -DPIC -o .libs/libharfbuzz_la-hb-ot-shape-normalize.o
mv -f .deps/libharfbuzz_la-hb-map.Tpo .deps/libharfbuzz_la-hb-map.Plo
/bin/bash ../libtool  --tag=CXX   --mode=compile clang++ -DHAVE_CONFIG_H -I. -I..  -pthread       -I./hb-ucdn     -fno-rtti -O1 -fno-omit-frame-pointer -gline-tables-only -DFUZZING_BUILD_MODE_UNSAFE_FOR_PRODUCTION -fsanitize=address -fsanitize-address-use-after-scope -fsanitize=fuzzer-no-link -stdlib=libc++ -fno-sanitize=function,vptr -fno-exceptions -fno-threadsafe-statics -Wcast-align -fvisibility-inlines-hidden -MT libharfbuzz_la-hb-ot-var.lo -MD -MP -MF .deps/libharfbuzz_la-hb-ot-var.Tpo -c -o libharfbuzz_la-hb-ot-var.lo `test -f 'hb-ot-var.cc' || echo './'`hb-ot-var.cc
libtool: compile:  clang++ -DHAVE_CONFIG_H -I. -I.. -pthread -I./hb-ucdn -fno-rtti -O1 -fno-omit-frame-pointer -gline-tables-only -DFUZZING_BUILD_MODE_UNSAFE_FOR_PRODUCTION -fsanitize=address -fsanitize-address-use-after-scope -fsanitize=fuzzer-no-link -stdlib=libc++ -fno-sanitize=function,vptr -fno-exceptions -fno-threadsafe-statics -Wcast-align -fvisibility-inlines-hidden -MT libharfbuzz_la-hb-ot-shape-complex-use-table.lo -MD -MP -MF .deps/libharfbuzz_la-hb-ot-shape-complex-use-table.Tpo -c hb-ot-shape-complex-use-table.cc  -fPIC -DPIC -o .libs/libharfbuzz_la-hb-ot-shape-complex-use-table.o
mv -f .deps/libharfbuzz_la-hb-ot-shape-complex-hangul.Tpo .deps/libharfbuzz_la-hb-ot-shape-complex-hangul.Plo
/bin/bash ../libtool  --tag=CXX   --mode=compile clang++ -DHAVE_CONFIG_H -I. -I..  -pthread       -I./hb-ucdn     -fno-rtti -O1 -fno-omit-frame-pointer -gline-tables-only -DFUZZING_BUILD_MODE_UNSAFE_FOR_PRODUCTION -fsanitize=address -fsanitize-address-use-after-scope -fsanitize=fuzzer-no-link -stdlib=libc++ -fno-sanitize=function,vptr -fno-exceptions -fno-threadsafe-statics -Wcast-align -fvisibility-inlines-hidden -MT libharfbuzz_la-hb-fallback-shape.lo -MD -MP -MF .deps/libharfbuzz_la-hb-fallback-shape.Tpo -c -o libharfbuzz_la-hb-fallback-shape.lo `test -f 'hb-fallback-shape.cc' || echo './'`hb-fallback-shape.cc
mv -f .deps/libharfbuzz_la-hb-ot-color.Tpo .deps/libharfbuzz_la-hb-ot-color.Plo
/bin/bash ../libtool  --tag=CXX   --mode=compile clang++ -DHAVE_CONFIG_H -I. -I..  -pthread       -I./hb-ucdn     -fno-rtti -O1 -fno-omit-frame-pointer -gline-tables-only -DFUZZING_BUILD_MODE_UNSAFE_FOR_PRODUCTION -fsanitize=address -fsanitize-address-use-after-scope -fsanitize=fuzzer-no-link -stdlib=libc++ -fno-sanitize=function,vptr -fno-exceptions -fno-threadsafe-statics -Wcast-align -fvisibility-inlines-hidden -MT libharfbuzz_la-hb-ucdn.lo -MD -MP -MF .deps/libharfbuzz_la-hb-ucdn.Tpo -c -o libharfbuzz_la-hb-ucdn.lo `test -f 'hb-ucdn.cc' || echo './'`hb-ucdn.cc
libtool: compile:  clang++ -DHAVE_CONFIG_H -I. -I.. -pthread -I./hb-ucdn -fno-rtti -O1 -fno-omit-frame-pointer -gline-tables-only -DFUZZING_BUILD_MODE_UNSAFE_FOR_PRODUCTION -fsanitize=address -fsanitize-address-use-after-scope -fsanitize=fuzzer-no-link -stdlib=libc++ -fno-sanitize=function,vptr -fno-exceptions -fno-threadsafe-statics -Wcast-align -fvisibility-inlines-hidden -MT libharfbuzz_la-hb-ot-shape-fallback.lo -MD -MP -MF .deps/libharfbuzz_la-hb-ot-shape-fallback.Tpo -c hb-ot-shape-fallback.cc  -fPIC -DPIC -o .libs/libharfbuzz_la-hb-ot-shape-fallback.o
mv -f .deps/libharfbuzz_la-hb-ot-shape-complex-default.Tpo .deps/libharfbuzz_la-hb-ot-shape-complex-default.Plo
mv -f .deps/libharfbuzz_la-hb-ot-shape-complex-thai.Tpo .deps/libharfbuzz_la-hb-ot-shape-complex-thai.Plo
mv -f .deps/libharfbuzz_la-hb-shape-plan.Tpo .deps/libharfbuzz_la-hb-shape-plan.Plo
/bin/bash ../libtool  --tag=CXX   --mode=compile clang++ -DHAVE_CONFIG_H -I. -I..  -pthread       -I./hb-ucdn     -fno-rtti -O1 -fno-omit-frame-pointer -gline-tables-only -DFUZZING_BUILD_MODE_UNSAFE_FOR_PRODUCTION -fsanitize=address -fsanitize-address-use-after-scope -fsanitize=fuzzer-no-link -stdlib=libc++ -fno-sanitize=function,vptr -fno-exceptions -fno-threadsafe-statics -Wcast-align -fvisibility-inlines-hidden -MT libharfbuzz_subset_la-hb-static.lo -MD -MP -MF .deps/libharfbuzz_subset_la-hb-static.Tpo -c -o libharfbuzz_subset_la-hb-static.lo `test -f 'hb-static.cc' || echo './'`hb-static.cc
/bin/bash ../libtool  --tag=CXX   --mode=compile clang++ -DHAVE_CONFIG_H -I. -I..  -pthread       -I./hb-ucdn     -fno-rtti -O1 -fno-omit-frame-pointer -gline-tables-only -DFUZZING_BUILD_MODE_UNSAFE_FOR_PRODUCTION -fsanitize=address -fsanitize-address-use-after-scope -fsanitize=fuzzer-no-link -stdlib=libc++ -fno-sanitize=function,vptr -fno-exceptions -fno-threadsafe-statics -Wcast-align -fvisibility-inlines-hidden -MT libharfbuzz_subset_la-hb-subset.lo -MD -MP -MF .deps/libharfbuzz_subset_la-hb-subset.Tpo -c -o libharfbuzz_subset_la-hb-subset.lo `test -f 'hb-subset.cc' || echo './'`hb-subset.cc
make[5]: Entering directory '/src/harfbuzz/src/hb-ucdn'
libtool: compile:  clang++ -DHAVE_CONFIG_H -I. -I.. -pthread -I./hb-ucdn -fno-rtti -O1 -fno-omit-frame-pointer -gline-tables-only -DFUZZING_BUILD_MODE_UNSAFE_FOR_PRODUCTION -fsanitize=address -fsanitize-address-use-after-scope -fsanitize=fuzzer-no-link -stdlib=libc++ -fno-sanitize=function,vptr -fno-exceptions -fno-threadsafe-statics -Wcast-align -fvisibility-inlines-hidden -MT libharfbuzz_la-hb-ot-var.lo -MD -MP -MF .deps/libharfbuzz_la-hb-ot-var.Tpo -c hb-ot-var.cc  -fPIC -DPIC -o .libs/libharfbuzz_la-hb-ot-var.o
make[5]: Leaving directory '/src/harfbuzz/src/hb-ucdn'
mv -f .deps/libharfbuzz_la-hb-ot-shape-complex-hebrew.Tpo .deps/libharfbuzz_la-hb-ot-shape-complex-hebrew.Plo
/bin/bash ../libtool  --tag=CXX   --mode=compile clang++ -DHAVE_CONFIG_H -I. -I..  -pthread       -I./hb-ucdn     -fno-rtti -O1 -fno-omit-frame-pointer -gline-tables-only -DFUZZING_BUILD_MODE_UNSAFE_FOR_PRODUCTION -fsanitize=address -fsanitize-address-use-after-scope -fsanitize=fuzzer-no-link -stdlib=libc++ -fno-sanitize=function,vptr -fno-exceptions -fno-threadsafe-statics -Wcast-align -fvisibility-inlines-hidden -MT libharfbuzz_subset_la-hb-subset-glyf.lo -MD -MP -MF .deps/libharfbuzz_subset_la-hb-subset-glyf.Tpo -c -o libharfbuzz_subset_la-hb-subset-glyf.lo `test -f 'hb-subset-glyf.cc' || echo './'`hb-subset-glyf.cc
/bin/bash ../libtool  --tag=CXX   --mode=compile clang++ -DHAVE_CONFIG_H -I. -I..  -pthread       -I./hb-ucdn     -fno-rtti -O1 -fno-omit-frame-pointer -gline-tables-only -DFUZZING_BUILD_MODE_UNSAFE_FOR_PRODUCTION -fsanitize=address -fsanitize-address-use-after-scope -fsanitize=fuzzer-no-link -stdlib=libc++ -fno-sanitize=function,vptr -fno-exceptions -fno-threadsafe-statics -Wcast-align -fvisibility-inlines-hidden -MT libharfbuzz_subset_la-hb-subset-input.lo -MD -MP -MF .deps/libharfbuzz_subset_la-hb-subset-input.Tpo -c -o libharfbuzz_subset_la-hb-subset-input.lo `test -f 'hb-subset-input.cc' || echo './'`hb-subset-input.cc
mv -f .deps/libharfbuzz_la-hb-ot-shape-complex-myanmar.Tpo .deps/libharfbuzz_la-hb-ot-shape-complex-myanmar.Plo
/bin/bash ../libtool  --tag=CXX   --mode=compile clang++ -DHAVE_CONFIG_H -I. -I..  -pthread       -I./hb-ucdn     -fno-rtti -O1 -fno-omit-frame-pointer -gline-tables-only -DFUZZING_BUILD_MODE_UNSAFE_FOR_PRODUCTION -fsanitize=address -fsanitize-address-use-after-scope -fsanitize=fuzzer-no-link -stdlib=libc++ -fno-sanitize=function,vptr -fno-exceptions -fno-threadsafe-statics -Wcast-align -fvisibility-inlines-hidden -MT libharfbuzz_subset_la-hb-subset-plan.lo -MD -MP -MF .deps/libharfbuzz_subset_la-hb-subset-plan.Tpo -c -o libharfbuzz_subset_la-hb-subset-plan.lo `test -f 'hb-subset-plan.cc' || echo './'`hb-subset-plan.cc
libtool: compile:  clang++ -DHAVE_CONFIG_H -I. -I.. -pthread -I./hb-ucdn -fno-rtti -O1 -fno-omit-frame-pointer -gline-tables-only -DFUZZING_BUILD_MODE_UNSAFE_FOR_PRODUCTION -fsanitize=address -fsanitize-address-use-after-scope -fsanitize=fuzzer-no-link -stdlib=libc++ -fno-sanitize=function,vptr -fno-exceptions -fno-threadsafe-statics -Wcast-align -fvisibility-inlines-hidden -MT libharfbuzz_la-hb-fallback-shape.lo -MD -MP -MF .deps/libharfbuzz_la-hb-fallback-shape.Tpo -c hb-fallback-shape.cc  -fPIC -DPIC -o .libs/libharfbuzz_la-hb-fallback-shape.o
mv -f .deps/libharfbuzz_la-hb-unicode.Tpo .deps/libharfbuzz_la-hb-unicode.Plo
clang++ -DHAVE_CONFIG_H -I. -I..  -pthread       -I./hb-ucdn    -fno-rtti -O1 -fno-omit-frame-pointer -gline-tables-only -DFUZZING_BUILD_MODE_UNSAFE_FOR_PRODUCTION -fsanitize=address -fsanitize-address-use-after-scope -fsanitize=fuzzer-no-link -stdlib=libc++ -fno-sanitize=function,vptr -fno-exceptions -fno-threadsafe-statics -Wcast-align -fvisibility-inlines-hidden -MT main-main.o -MD -MP -MF .deps/main-main.Tpo -c -o main-main.o `test -f 'main.cc' || echo './'`main.cc
libtool: compile:  clang++ -DHAVE_CONFIG_H -I. -I.. -pthread -I./hb-ucdn -fno-rtti -O1 -fno-omit-frame-pointer -gline-tables-only -DFUZZING_BUILD_MODE_UNSAFE_FOR_PRODUCTION -fsanitize=address -fsanitize-address-use-after-scope -fsanitize=fuzzer-no-link -stdlib=libc++ -fno-sanitize=function,vptr -fno-exceptions -fno-threadsafe-statics -Wcast-align -fvisibility-inlines-hidden -MT libharfbuzz_la-hb-ucdn.lo -MD -MP -MF .deps/libharfbuzz_la-hb-ucdn.Tpo -c hb-ucdn.cc  -fPIC -DPIC -o .libs/libharfbuzz_la-hb-ucdn.o
libtool: compile:  clang++ -DHAVE_CONFIG_H -I. -I.. -pthread -I./hb-ucdn -fno-rtti -O1 -fno-omit-frame-pointer -gline-tables-only -DFUZZING_BUILD_MODE_UNSAFE_FOR_PRODUCTION -fsanitize=address -fsanitize-address-use-after-scope -fsanitize=fuzzer-no-link -stdlib=libc++ -fno-sanitize=function,vptr -fno-exceptions -fno-threadsafe-statics -Wcast-align -fvisibility-inlines-hidden -MT libharfbuzz_subset_la-hb-subset.lo -MD -MP -MF .deps/libharfbuzz_subset_la-hb-subset.Tpo -c hb-subset.cc  -fPIC -DPIC -o .libs/libharfbuzz_subset_la-hb-subset.o
mv -f .deps/libharfbuzz_la-hb-buffer-serialize.Tpo .deps/libharfbuzz_la-hb-buffer-serialize.Plo
libtool: compile:  clang++ -DHAVE_CONFIG_H -I. -I.. -pthread -I./hb-ucdn -fno-rtti -O1 -fno-omit-frame-pointer -gline-tables-only -DFUZZING_BUILD_MODE_UNSAFE_FOR_PRODUCTION -fsanitize=address -fsanitize-address-use-after-scope -fsanitize=fuzzer-no-link -stdlib=libc++ -fno-sanitize=function,vptr -fno-exceptions -fno-threadsafe-statics -Wcast-align -fvisibility-inlines-hidden -MT libharfbuzz_subset_la-hb-subset-glyf.lo -MD -MP -MF .deps/libharfbuzz_subset_la-hb-subset-glyf.Tpo -c hb-subset-glyf.cc  -fPIC -DPIC -o .libs/libharfbuzz_subset_la-hb-subset-glyf.o
clang++ -DHAVE_CONFIG_H -I. -I..  -pthread       -I./hb-ucdn     -fno-rtti -O1 -fno-omit-frame-pointer -gline-tables-only -DFUZZING_BUILD_MODE_UNSAFE_FOR_PRODUCTION -fsanitize=address -fsanitize-address-use-after-scope -fsanitize=fuzzer-no-link -stdlib=libc++ -fno-sanitize=function,vptr -fno-exceptions -fno-threadsafe-statics -Wcast-align -fvisibility-inlines-hidden -MT test-test.o -MD -MP -MF .deps/test-test.Tpo -c -o test-test.o `test -f 'test.cc' || echo './'`test.cc
mv -f .deps/libharfbuzz_la-hb-common.Tpo .deps/libharfbuzz_la-hb-common.Plo
clang++ -DHAVE_CONFIG_H -I. -I..  -pthread       -I./hb-ucdn    -fno-rtti -O1 -fno-omit-frame-pointer -gline-tables-only -DFUZZING_BUILD_MODE_UNSAFE_FOR_PRODUCTION -fsanitize=address -fsanitize-address-use-after-scope -fsanitize=fuzzer-no-link -stdlib=libc++ -fno-sanitize=function,vptr -fno-exceptions -fno-threadsafe-statics -Wcast-align -fvisibility-inlines-hidden -MT test_buffer_serialize-test-buffer-serialize.o -MD -MP -MF .deps/test_buffer_serialize-test-buffer-serialize.Tpo -c -o test_buffer_serialize-test-buffer-serialize.o `test -f 'test-buffer-serialize.cc' || echo './'`test-buffer-serialize.cc
libtool: compile:  clang++ -DHAVE_CONFIG_H -I. -I.. -pthread -I./hb-ucdn -fno-rtti -O1 -fno-omit-frame-pointer -gline-tables-only -DFUZZING_BUILD_MODE_UNSAFE_FOR_PRODUCTION -fsanitize=address -fsanitize-address-use-after-scope -fsanitize=fuzzer-no-link -stdlib=libc++ -fno-sanitize=function,vptr -fno-exceptions -fno-threadsafe-statics -Wcast-align -fvisibility-inlines-hidden -MT libharfbuzz_subset_la-hb-subset-plan.lo -MD -MP -MF .deps/libharfbuzz_subset_la-hb-subset-plan.Tpo -c hb-subset-plan.cc  -fPIC -DPIC -o .libs/libharfbuzz_subset_la-hb-subset-plan.o
mv -f .deps/libharfbuzz_la-hb-ot-tag.Tpo .deps/libharfbuzz_la-hb-ot-tag.Plo
libtool: compile:  clang++ -DHAVE_CONFIG_H -I. -I.. -pthread -I./hb-ucdn -fno-rtti -O1 -fno-omit-frame-pointer -gline-tables-only -DFUZZING_BUILD_MODE_UNSAFE_FOR_PRODUCTION -fsanitize=address -fsanitize-address-use-after-scope -fsanitize=fuzzer-no-link -stdlib=libc++ -fno-sanitize=function,vptr -fno-exceptions -fno-threadsafe-statics -Wcast-align -fvisibility-inlines-hidden -MT libharfbuzz_subset_la-hb-static.lo -MD -MP -MF .deps/libharfbuzz_subset_la-hb-static.Tpo -c hb-static.cc  -fPIC -DPIC -o .libs/libharfbuzz_subset_la-hb-static.o
clang++ -DHAVE_CONFIG_H -I. -I..  -pthread       -I./hb-ucdn    -fno-rtti -O1 -fno-omit-frame-pointer -gline-tables-only -DFUZZING_BUILD_MODE_UNSAFE_FOR_PRODUCTION -fsanitize=address -fsanitize-address-use-after-scope -fsanitize=fuzzer-no-link -stdlib=libc++ -fno-sanitize=function,vptr -fno-exceptions -fno-threadsafe-statics -Wcast-align -fvisibility-inlines-hidden -MT test_size_params-test-size-params.o -MD -MP -MF .deps/test_size_params-test-size-params.Tpo -c -o test_size_params-test-size-params.o `test -f 'test-size-params.cc' || echo './'`test-size-params.cc
libtool: compile:  clang++ -DHAVE_CONFIG_H -I. -I.. -pthread -I./hb-ucdn -fno-rtti -O1 -fno-omit-frame-pointer -gline-tables-only -DFUZZING_BUILD_MODE_UNSAFE_FOR_PRODUCTION -fsanitize=address -fsanitize-address-use-after-scope -fsanitize=fuzzer-no-link -stdlib=libc++ -fno-sanitize=function,vptr -fno-exceptions -fno-threadsafe-statics -Wcast-align -fvisibility-inlines-hidden -MT libharfbuzz_subset_la-hb-subset-input.lo -MD -MP -MF .deps/libharfbuzz_subset_la-hb-subset-input.Tpo -c hb-subset-input.cc  -fPIC -DPIC -o .libs/libharfbuzz_subset_la-hb-subset-input.o
mv -f .deps/libharfbuzz_la-hb-ot-shape-complex-khmer.Tpo .deps/libharfbuzz_la-hb-ot-shape-complex-khmer.Plo
clang++ -DHAVE_CONFIG_H -I. -I..  -pthread       -I./hb-ucdn     -fno-rtti -O1 -fno-omit-frame-pointer -gline-tables-only -DFUZZING_BUILD_MODE_UNSAFE_FOR_PRODUCTION -fsanitize=address -fsanitize-address-use-after-scope -fsanitize=fuzzer-no-link -stdlib=libc++ -fno-sanitize=function,vptr -fno-exceptions -fno-threadsafe-statics -Wcast-align -fvisibility-inlines-hidden -MT test_would_substitute-test-would-substitute.o -MD -MP -MF .deps/test_would_substitute-test-would-substitute.Tpo -c -o test_would_substitute-test-would-substitute.o `test -f 'test-would-substitute.cc' || echo './'`test-would-substitute.cc
mv -f .deps/test-test.Tpo .deps/test-test.Po
\
/bin/sed	-e 's@%prefix%@/usr/local@g' \
	-e 's@%exec_prefix%@/usr/local@g' \
	-e 's@%libdir%@/usr/local/lib@g' \
	-e 's@%includedir%@/usr/local/include@g' \
	-e 's@%libs_private%@   @g' \
	-e 's@%requires_private%@ @g' \
	-e 's@%VERSION%@2.0.0@g' \
"harfbuzz.pc.in" > "harfbuzz.pc" \
|| (rm -f "harfbuzz.pc"; false)
mv -f .deps/libharfbuzz_la-hb-ot-shape-complex-use-table.Tpo .deps/libharfbuzz_la-hb-ot-shape-complex-use-table.Plo
\
/bin/sed	-e 's@%prefix%@/usr/local@g' \
	-e 's@%exec_prefix%@/usr/local@g' \
	-e 's@%libdir%@/usr/local/lib@g' \
	-e 's@%includedir%@/usr/local/include@g' \
	-e 's@%libs_private%@   @g' \
	-e 's@%requires_private%@ @g' \
	-e 's@%VERSION%@2.0.0@g' \
"harfbuzz-subset.pc.in" > "harfbuzz-subset.pc" \
|| (rm -f "harfbuzz-subset.pc"; false)
mv -f .deps/test_buffer_serialize-test-buffer-serialize.Tpo .deps/test_buffer_serialize-test-buffer-serialize.Po
mv -f .deps/libharfbuzz_la-hb-ucdn.Tpo .deps/libharfbuzz_la-hb-ucdn.Plo
mv -f .deps/test_would_substitute-test-would-substitute.Tpo .deps/test_would_substitute-test-would-substitute.Po
mv -f .deps/libharfbuzz_la-hb-fallback-shape.Tpo .deps/libharfbuzz_la-hb-fallback-shape.Plo
mv -f .deps/libharfbuzz_la-hb-ot-map.Tpo .deps/libharfbuzz_la-hb-ot-map.Plo
mv -f .deps/test_size_params-test-size-params.Tpo .deps/test_size_params-test-size-params.Po
mv -f .deps/libharfbuzz_la-hb-static.Tpo .deps/libharfbuzz_la-hb-static.Plo
mv -f .deps/libharfbuzz_la-hb-ot-shape-normalize.Tpo .deps/libharfbuzz_la-hb-ot-shape-normalize.Plo
mv -f .deps/libharfbuzz_subset_la-hb-subset-input.Tpo .deps/libharfbuzz_subset_la-hb-subset-input.Plo
mv -f .deps/libharfbuzz_la-hb-font.Tpo .deps/libharfbuzz_la-hb-font.Plo
mv -f .deps/libharfbuzz_la-hb-ot-shape-complex-use.Tpo .deps/libharfbuzz_la-hb-ot-shape-complex-use.Plo
mv -f .deps/libharfbuzz_la-hb-ot-face.Tpo .deps/libharfbuzz_la-hb-ot-face.Plo
mv -f .deps/libharfbuzz_la-hb-buffer.Tpo .deps/libharfbuzz_la-hb-buffer.Plo
mv -f .deps/libharfbuzz_la-hb-ot-shape.Tpo .deps/libharfbuzz_la-hb-ot-shape.Plo
mv -f .deps/libharfbuzz_la-hb-ot-var.Tpo .deps/libharfbuzz_la-hb-ot-var.Plo
mv -f .deps/libharfbuzz_subset_la-hb-subset-glyf.Tpo .deps/libharfbuzz_subset_la-hb-subset-glyf.Plo
mv -f .deps/libharfbuzz_la-hb-set.Tpo .deps/libharfbuzz_la-hb-set.Plo
mv -f .deps/libharfbuzz_subset_la-hb-static.Tpo .deps/libharfbuzz_subset_la-hb-static.Plo
mv -f .deps/libharfbuzz_la-hb-ot-shape-complex-indic.Tpo .deps/libharfbuzz_la-hb-ot-shape-complex-indic.Plo
mv -f .deps/libharfbuzz_la-hb-ot-math.Tpo .deps/libharfbuzz_la-hb-ot-math.Plo
mv -f .deps/libharfbuzz_la-hb-ot-shape-fallback.Tpo .deps/libharfbuzz_la-hb-ot-shape-fallback.Plo
mv -f .deps/libharfbuzz_la-hb-ot-shape-complex-indic-table.Tpo .deps/libharfbuzz_la-hb-ot-shape-complex-indic-table.Plo
mv -f .deps/libharfbuzz_la-hb-face.Tpo .deps/libharfbuzz_la-hb-face.Plo
mv -f .deps/main-main.Tpo .deps/main-main.Po
mv -f .deps/libharfbuzz_subset_la-hb-subset-plan.Tpo .deps/libharfbuzz_subset_la-hb-subset-plan.Plo
mv -f .deps/libharfbuzz_la-hb-ot-font.Tpo .deps/libharfbuzz_la-hb-ot-font.Plo
mv -f .deps/libharfbuzz_la-hb-ot-shape-complex-arabic.Tpo .deps/libharfbuzz_la-hb-ot-shape-complex-arabic.Plo
mv -f .deps/libharfbuzz_la-hb-aat-layout.Tpo .deps/libharfbuzz_la-hb-aat-layout.Plo
mv -f .deps/libharfbuzz_subset_la-hb-subset.Tpo .deps/libharfbuzz_subset_la-hb-subset.Plo
mv -f .deps/libharfbuzz_la-hb-ot-layout.Tpo .deps/libharfbuzz_la-hb-ot-layout.Plo
/bin/bash ../libtool  --tag=CC   --mode=link clang  -O1 -fno-omit-frame-pointer -gline-tables-only -DFUZZING_BUILD_MODE_UNSAFE_FOR_PRODUCTION -fsanitize=address -fsanitize-address-use-after-scope -fsanitize=fuzzer-no-link -fno-sanitize=function,vptr  -Bsymbolic-functions -o libharfbuzz.la  -lm -version-info 20000:0:20000 -no-undefined   -rpath /usr/local/lib libharfbuzz_la-hb-blob.lo libharfbuzz_la-hb-buffer-serialize.lo libharfbuzz_la-hb-buffer.lo libharfbuzz_la-hb-common.lo libharfbuzz_la-hb-face.lo libharfbuzz_la-hb-font.lo libharfbuzz_la-hb-map.lo libharfbuzz_la-hb-ot-tag.lo libharfbuzz_la-hb-set.lo libharfbuzz_la-hb-shape.lo libharfbuzz_la-hb-shape-plan.lo libharfbuzz_la-hb-shaper.lo libharfbuzz_la-hb-static.lo libharfbuzz_la-hb-unicode.lo libharfbuzz_la-hb-warning.lo   libharfbuzz_la-hb-aat-layout.lo libharfbuzz_la-hb-ot-face.lo libharfbuzz_la-hb-ot-font.lo libharfbuzz_la-hb-ot-layout.lo libharfbuzz_la-hb-ot-color.lo libharfbuzz_la-hb-ot-map.lo libharfbuzz_la-hb-ot-math.lo libharfbuzz_la-hb-ot-shape.lo libharfbuzz_la-hb-ot-shape-complex-arabic.lo libharfbuzz_la-hb-ot-shape-complex-default.lo libharfbuzz_la-hb-ot-shape-complex-hangul.lo libharfbuzz_la-hb-ot-shape-complex-hebrew.lo libharfbuzz_la-hb-ot-shape-complex-indic.lo libharfbuzz_la-hb-ot-shape-complex-indic-table.lo libharfbuzz_la-hb-ot-shape-complex-khmer.lo libharfbuzz_la-hb-ot-shape-complex-myanmar.lo libharfbuzz_la-hb-ot-shape-complex-thai.lo libharfbuzz_la-hb-ot-shape-complex-use.lo libharfbuzz_la-hb-ot-shape-complex-use-table.lo libharfbuzz_la-hb-ot-shape-normalize.lo libharfbuzz_la-hb-ot-shape-fallback.lo libharfbuzz_la-hb-ot-var.lo   libharfbuzz_la-hb-fallback-shape.lo        libharfbuzz_la-hb-ucdn.lo              hb-ucdn/libhb-ucdn.la      
libtool: link: clang -shared  -fPIC -DPIC  .libs/libharfbuzz_la-hb-blob.o .libs/libharfbuzz_la-hb-buffer-serialize.o .libs/libharfbuzz_la-hb-buffer.o .libs/libharfbuzz_la-hb-common.o .libs/libharfbuzz_la-hb-face.o .libs/libharfbuzz_la-hb-font.o .libs/libharfbuzz_la-hb-map.o .libs/libharfbuzz_la-hb-ot-tag.o .libs/libharfbuzz_la-hb-set.o .libs/libharfbuzz_la-hb-shape.o .libs/libharfbuzz_la-hb-shape-plan.o .libs/libharfbuzz_la-hb-shaper.o .libs/libharfbuzz_la-hb-static.o .libs/libharfbuzz_la-hb-unicode.o .libs/libharfbuzz_la-hb-warning.o .libs/libharfbuzz_la-hb-aat-layout.o .libs/libharfbuzz_la-hb-ot-face.o .libs/libharfbuzz_la-hb-ot-font.o .libs/libharfbuzz_la-hb-ot-layout.o .libs/libharfbuzz_la-hb-ot-color.o .libs/libharfbuzz_la-hb-ot-map.o .libs/libharfbuzz_la-hb-ot-math.o .libs/libharfbuzz_la-hb-ot-shape.o .libs/libharfbuzz_la-hb-ot-shape-complex-arabic.o .libs/libharfbuzz_la-hb-ot-shape-complex-default.o .libs/libharfbuzz_la-hb-ot-shape-complex-hangul.o .libs/libharfbuzz_la-hb-ot-shape-complex-hebrew.o .libs/libharfbuzz_la-hb-ot-shape-complex-indic.o .libs/libharfbuzz_la-hb-ot-shape-complex-indic-table.o .libs/libharfbuzz_la-hb-ot-shape-complex-khmer.o .libs/libharfbuzz_la-hb-ot-shape-complex-myanmar.o .libs/libharfbuzz_la-hb-ot-shape-complex-thai.o .libs/libharfbuzz_la-hb-ot-shape-complex-use.o .libs/libharfbuzz_la-hb-ot-shape-complex-use-table.o .libs/libharfbuzz_la-hb-ot-shape-normalize.o .libs/libharfbuzz_la-hb-ot-shape-fallback.o .libs/libharfbuzz_la-hb-ot-var.o .libs/libharfbuzz_la-hb-fallback-shape.o .libs/libharfbuzz_la-hb-ucdn.o  -Wl,--whole-archive hb-ucdn/.libs/libhb-ucdn.a -Wl,--no-whole-archive  -lm  -O1 -gline-tables-only -fsanitize=address -fsanitize=fuzzer-no-link   -Wl,-soname -Wl,libharfbuzz.so.0 -o .libs/libharfbuzz.so.0.20000.0
libtool: link: (cd ".libs" && rm -f "libharfbuzz.so.0" && ln -s "libharfbuzz.so.0.20000.0" "libharfbuzz.so.0")
libtool: link: (cd ".libs" && rm -f "libharfbuzz.so" && ln -s "libharfbuzz.so.0.20000.0" "libharfbuzz.so")
libtool: link: ( cd ".libs" && rm -f "libharfbuzz.la" && ln -s "../libharfbuzz.la" "libharfbuzz.la" )
/bin/bash ../libtool  --tag=CXX   --mode=link clang++  -fno-rtti -O1 -fno-omit-frame-pointer -gline-tables-only -DFUZZING_BUILD_MODE_UNSAFE_FOR_PRODUCTION -fsanitize=address -fsanitize-address-use-after-scope -fsanitize=fuzzer-no-link -stdlib=libc++ -fno-sanitize=function,vptr -fno-exceptions -fno-threadsafe-statics -Wcast-align -fvisibility-inlines-hidden  -lm -version-info 20000:0:20000 -no-undefined   -Bsymbolic-functions -o libharfbuzz-subset.la -rpath /usr/local/lib libharfbuzz_subset_la-hb-static.lo libharfbuzz_subset_la-hb-subset.lo libharfbuzz_subset_la-hb-subset-glyf.lo libharfbuzz_subset_la-hb-subset-input.lo libharfbuzz_subset_la-hb-subset-plan.lo  libharfbuzz.la 
/bin/bash ../libtool  --tag=CXX   --mode=link clang++  -fno-rtti -O1 -fno-omit-frame-pointer -gline-tables-only -DFUZZING_BUILD_MODE_UNSAFE_FOR_PRODUCTION -fsanitize=address -fsanitize-address-use-after-scope -fsanitize=fuzzer-no-link -stdlib=libc++ -fno-sanitize=function,vptr -fno-exceptions -fno-threadsafe-statics -Wcast-align -fvisibility-inlines-hidden  -Bsymbolic-functions -o main main-main.o libharfbuzz.la    hb-ucdn/libhb-ucdn.la      
/bin/bash ../libtool  --tag=CXX   --mode=link clang++  -fno-rtti -O1 -fno-omit-frame-pointer -gline-tables-only -DFUZZING_BUILD_MODE_UNSAFE_FOR_PRODUCTION -fsanitize=address -fsanitize-address-use-after-scope -fsanitize=fuzzer-no-link -stdlib=libc++ -fno-sanitize=function,vptr -fno-exceptions -fno-threadsafe-statics -Wcast-align -fvisibility-inlines-hidden  -Bsymbolic-functions -o test test-test.o libharfbuzz.la    hb-ucdn/libhb-ucdn.la       
/bin/bash ../libtool  --tag=CXX   --mode=link clang++  -fno-rtti -O1 -fno-omit-frame-pointer -gline-tables-only -DFUZZING_BUILD_MODE_UNSAFE_FOR_PRODUCTION -fsanitize=address -fsanitize-address-use-after-scope -fsanitize=fuzzer-no-link -stdlib=libc++ -fno-sanitize=function,vptr -fno-exceptions -fno-threadsafe-statics -Wcast-align -fvisibility-inlines-hidden  -Bsymbolic-functions -o test-buffer-serialize test_buffer_serialize-test-buffer-serialize.o libharfbuzz.la    hb-ucdn/libhb-ucdn.la      
/bin/bash ../libtool  --tag=CXX   --mode=link clang++  -fno-rtti -O1 -fno-omit-frame-pointer -gline-tables-only -DFUZZING_BUILD_MODE_UNSAFE_FOR_PRODUCTION -fsanitize=address -fsanitize-address-use-after-scope -fsanitize=fuzzer-no-link -stdlib=libc++ -fno-sanitize=function,vptr -fno-exceptions -fno-threadsafe-statics -Wcast-align -fvisibility-inlines-hidden  -Bsymbolic-functions -o test-size-params test_size_params-test-size-params.o libharfbuzz.la    hb-ucdn/libhb-ucdn.la      
/bin/bash ../libtool  --tag=CXX   --mode=link clang++  -fno-rtti -O1 -fno-omit-frame-pointer -gline-tables-only -DFUZZING_BUILD_MODE_UNSAFE_FOR_PRODUCTION -fsanitize=address -fsanitize-address-use-after-scope -fsanitize=fuzzer-no-link -stdlib=libc++ -fno-sanitize=function,vptr -fno-exceptions -fno-threadsafe-statics -Wcast-align -fvisibility-inlines-hidden  -Bsymbolic-functions -o test-would-substitute test_would_substitute-test-would-substitute.o libharfbuzz.la    hb-ucdn/libhb-ucdn.la       
libtool: link: clang++  -fPIC -DPIC -shared -nostdlib /usr/lib/gcc/x86_64-linux-gnu/5.4.0/../../../x86_64-linux-gnu/crti.o /usr/lib/gcc/x86_64-linux-gnu/5.4.0/crtbeginS.o  .libs/libharfbuzz_subset_la-hb-static.o .libs/libharfbuzz_subset_la-hb-subset.o .libs/libharfbuzz_subset_la-hb-subset-glyf.o .libs/libharfbuzz_subset_la-hb-subset-input.o .libs/libharfbuzz_subset_la-hb-subset-plan.o   -Wl,-rpath -Wl,/src/harfbuzz/src/.libs ./.libs/libharfbuzz.so -L/usr/lib/gcc/x86_64-linux-gnu/5.4.0 -L/usr/lib/gcc/x86_64-linux-gnu/5.4.0/../../../x86_64-linux-gnu -L/lib/x86_64-linux-gnu -L/lib/../lib64 -L/usr/lib/x86_64-linux-gnu -L/usr/lib/gcc/x86_64-linux-gnu/5.4.0/../../.. -L/usr/local/bin/../lib -L/lib -L/usr/lib -lc++ -lm -lc -lgcc_s -lgcc /usr/lib/gcc/x86_64-linux-gnu/5.4.0/crtendS.o /usr/lib/gcc/x86_64-linux-gnu/5.4.0/../../../x86_64-linux-gnu/crtn.o  -O1 -gline-tables-only -fsanitize=address -fsanitize=fuzzer-no-link -stdlib=libc++   -Wl,-soname -Wl,libharfbuzz-subset.so.0 -o .libs/libharfbuzz-subset.so.0.20000.0
libtool: link: clang++ -fno-rtti -O1 -fno-omit-frame-pointer -gline-tables-only -DFUZZING_BUILD_MODE_UNSAFE_FOR_PRODUCTION -fsanitize=address -fsanitize-address-use-after-scope -fsanitize=fuzzer-no-link -stdlib=libc++ -fno-sanitize=function,vptr -fno-exceptions -fno-threadsafe-statics -Wcast-align -fvisibility-inlines-hidden -Bsymbolic-functions -o .libs/test-buffer-serialize test_buffer_serialize-test-buffer-serialize.o  ./.libs/libharfbuzz.so hb-ucdn/.libs/libhb-ucdn.a
libtool: link: clang++ -fno-rtti -O1 -fno-omit-frame-pointer -gline-tables-only -DFUZZING_BUILD_MODE_UNSAFE_FOR_PRODUCTION -fsanitize=address -fsanitize-address-use-after-scope -fsanitize=fuzzer-no-link -stdlib=libc++ -fno-sanitize=function,vptr -fno-exceptions -fno-threadsafe-statics -Wcast-align -fvisibility-inlines-hidden -Bsymbolic-functions -o .libs/test-size-params test_size_params-test-size-params.o  ./.libs/libharfbuzz.so hb-ucdn/.libs/libhb-ucdn.a
libtool: link: clang++ -fno-rtti -O1 -fno-omit-frame-pointer -gline-tables-only -DFUZZING_BUILD_MODE_UNSAFE_FOR_PRODUCTION -fsanitize=address -fsanitize-address-use-after-scope -fsanitize=fuzzer-no-link -stdlib=libc++ -fno-sanitize=function,vptr -fno-exceptions -fno-threadsafe-statics -Wcast-align -fvisibility-inlines-hidden -Bsymbolic-functions -o .libs/test test-test.o  ./.libs/libharfbuzz.so hb-ucdn/.libs/libhb-ucdn.a
libtool: link: clang++ -fno-rtti -O1 -fno-omit-frame-pointer -gline-tables-only -DFUZZING_BUILD_MODE_UNSAFE_FOR_PRODUCTION -fsanitize=address -fsanitize-address-use-after-scope -fsanitize=fuzzer-no-link -stdlib=libc++ -fno-sanitize=function,vptr -fno-exceptions -fno-threadsafe-statics -Wcast-align -fvisibility-inlines-hidden -Bsymbolic-functions -o .libs/main main-main.o  ./.libs/libharfbuzz.so hb-ucdn/.libs/libhb-ucdn.a
libtool: link: clang++ -fno-rtti -O1 -fno-omit-frame-pointer -gline-tables-only -DFUZZING_BUILD_MODE_UNSAFE_FOR_PRODUCTION -fsanitize=address -fsanitize-address-use-after-scope -fsanitize=fuzzer-no-link -stdlib=libc++ -fno-sanitize=function,vptr -fno-exceptions -fno-threadsafe-statics -Wcast-align -fvisibility-inlines-hidden -Bsymbolic-functions -o .libs/test-would-substitute test_would_substitute-test-would-substitute.o  ./.libs/libharfbuzz.so hb-ucdn/.libs/libhb-ucdn.a
libtool: link: (cd ".libs" && rm -f "libharfbuzz-subset.so.0" && ln -s "libharfbuzz-subset.so.0.20000.0" "libharfbuzz-subset.so.0")
libtool: link: (cd ".libs" && rm -f "libharfbuzz-subset.so" && ln -s "libharfbuzz-subset.so.0.20000.0" "libharfbuzz-subset.so")
libtool: link: ( cd ".libs" && rm -f "libharfbuzz-subset.la" && ln -s "../libharfbuzz-subset.la" "libharfbuzz-subset.la" )
make[4]: Leaving directory '/src/harfbuzz/src'
make[3]: Leaving directory '/src/harfbuzz/src'
make[2]: Leaving directory '/src/harfbuzz/src'
Making all in util
make[2]: Entering directory '/src/harfbuzz/util'
git.mk: Generating .gitignore
make[2]: Leaving directory '/src/harfbuzz/util'
Making all in test
make[2]: Entering directory '/src/harfbuzz/test'
git.mk: Generating .gitignore
Making all in api
make[3]: Entering directory '/src/harfbuzz/test/api'
git.mk: Generating .gitignore
make[3]: Leaving directory '/src/harfbuzz/test/api'
Making all in shaping
make[3]: Entering directory '/src/harfbuzz/test/shaping'
git.mk: Generating .gitignore
Making all in data
make[4]: Entering directory '/src/harfbuzz/test/shaping/data'
git.mk: Generating .gitignore
Making all in in-house
make[5]: Entering directory '/src/harfbuzz/test/shaping/data/in-house'
git.mk: Generating .gitignore
make[5]: Leaving directory '/src/harfbuzz/test/shaping/data/in-house'
Making all in text-rendering-tests
make[5]: Entering directory '/src/harfbuzz/test/shaping/data/text-rendering-tests'
git.mk: Generating .gitignore
make[5]: Leaving directory '/src/harfbuzz/test/shaping/data/text-rendering-tests'
make[5]: Entering directory '/src/harfbuzz/test/shaping/data'
make[5]: Nothing to be done for 'all-am'.
make[5]: Leaving directory '/src/harfbuzz/test/shaping/data'
make[4]: Leaving directory '/src/harfbuzz/test/shaping/data'
make[4]: Entering directory '/src/harfbuzz/test/shaping'
make[4]: Nothing to be done for 'all-am'.
make[4]: Leaving directory '/src/harfbuzz/test/shaping'
make[3]: Leaving directory '/src/harfbuzz/test/shaping'
Making all in fuzzing
make[3]: Entering directory '/src/harfbuzz/test/fuzzing'
git.mk: Generating .gitignore
make[3]: Leaving directory '/src/harfbuzz/test/fuzzing'
Making all in subset
make[3]: Entering directory '/src/harfbuzz/test/subset'
git.mk: Generating .gitignore
Making all in data
make[4]: Entering directory '/src/harfbuzz/test/subset/data'
git.mk: Generating .gitignore
make[5]: Entering directory '/src/harfbuzz/test/subset/data'
make[5]: Nothing to be done for 'all-am'.
make[5]: Leaving directory '/src/harfbuzz/test/subset/data'
make[4]: Leaving directory '/src/harfbuzz/test/subset/data'
make[4]: Entering directory '/src/harfbuzz/test/subset'
make[4]: Nothing to be done for 'all-am'.
make[4]: Leaving directory '/src/harfbuzz/test/subset'
make[3]: Leaving directory '/src/harfbuzz/test/subset'
make[3]: Entering directory '/src/harfbuzz/test'
make[3]: Nothing to be done for 'all-am'.
make[3]: Leaving directory '/src/harfbuzz/test'
make[2]: Leaving directory '/src/harfbuzz/test'
Making all in docs
make[2]: Entering directory '/src/harfbuzz/docs'
git.mk: Generating .gitignore
make[2]: Leaving directory '/src/harfbuzz/docs'
make[2]: Entering directory '/src/harfbuzz'
make[2]: Leaving directory '/src/harfbuzz'
make[1]: Leaving directory '/src/harfbuzz'
+ make CPPFLAGS=-DHB_NO_VISIBILITY -C src V=1 fuzzing
make: Entering directory '/src/harfbuzz/src'
/bin/bash ../libtool  --tag=CXX   --mode=compile clang++ -DHAVE_CONFIG_H -I. -I..  -pthread       -I./hb-ucdn  -DHB_NDEBUG -DHB_MAX_NESTING_LEVEL=3 -DHB_SANITIZE_MAX_EDITS=3 -DHB_SANITIZE_MAX_OPS_FACTOR=3 -DHB_SANITIZE_MAX_OPS_MIN=128 -DHB_BUFFER_MAX_LEN_FACTOR=3 -DHB_BUFFER_MAX_LEN_MIN=8 -DHB_BUFFER_MAX_LEN_DEFAULT=128 -DHB_BUFFER_MAX_OPS_FACTOR=8 -DHB_BUFFER_MAX_OPS_MIN=64 -DHB_BUFFER_MAX_OPS_DEFAULT=1024  -DHB_NO_VISIBILITY  -fno-rtti -O1 -fno-omit-frame-pointer -gline-tables-only -DFUZZING_BUILD_MODE_UNSAFE_FOR_PRODUCTION -fsanitize=address -fsanitize-address-use-after-scope -fsanitize=fuzzer-no-link -stdlib=libc++ -fno-sanitize=function,vptr -fno-exceptions -fno-threadsafe-statics -Wcast-align -fvisibility-inlines-hidden -MT libharfbuzz_fuzzing_la-hb-blob.lo -MD -MP -MF .deps/libharfbuzz_fuzzing_la-hb-blob.Tpo -c -o libharfbuzz_fuzzing_la-hb-blob.lo `test -f 'hb-blob.cc' || echo './'`hb-blob.cc
libtool: compile:  clang++ -DHAVE_CONFIG_H -I. -I.. -pthread -I./hb-ucdn -DHB_NDEBUG -DHB_MAX_NESTING_LEVEL=3 -DHB_SANITIZE_MAX_EDITS=3 -DHB_SANITIZE_MAX_OPS_FACTOR=3 -DHB_SANITIZE_MAX_OPS_MIN=128 -DHB_BUFFER_MAX_LEN_FACTOR=3 -DHB_BUFFER_MAX_LEN_MIN=8 -DHB_BUFFER_MAX_LEN_DEFAULT=128 -DHB_BUFFER_MAX_OPS_FACTOR=8 -DHB_BUFFER_MAX_OPS_MIN=64 -DHB_BUFFER_MAX_OPS_DEFAULT=1024 -DHB_NO_VISIBILITY -fno-rtti -O1 -fno-omit-frame-pointer -gline-tables-only -DFUZZING_BUILD_MODE_UNSAFE_FOR_PRODUCTION -fsanitize=address -fsanitize-address-use-after-scope -fsanitize=fuzzer-no-link -stdlib=libc++ -fno-sanitize=function,vptr -fno-exceptions -fno-threadsafe-statics -Wcast-align -fvisibility-inlines-hidden -MT libharfbuzz_fuzzing_la-hb-blob.lo -MD -MP -MF .deps/libharfbuzz_fuzzing_la-hb-blob.Tpo -c hb-blob.cc  -fPIC -DPIC -o .libs/libharfbuzz_fuzzing_la-hb-blob.o
mv -f .deps/libharfbuzz_fuzzing_la-hb-blob.Tpo .deps/libharfbuzz_fuzzing_la-hb-blob.Plo
/bin/bash ../libtool  --tag=CXX   --mode=compile clang++ -DHAVE_CONFIG_H -I. -I..  -pthread       -I./hb-ucdn  -DHB_NDEBUG -DHB_MAX_NESTING_LEVEL=3 -DHB_SANITIZE_MAX_EDITS=3 -DHB_SANITIZE_MAX_OPS_FACTOR=3 -DHB_SANITIZE_MAX_OPS_MIN=128 -DHB_BUFFER_MAX_LEN_FACTOR=3 -DHB_BUFFER_MAX_LEN_MIN=8 -DHB_BUFFER_MAX_LEN_DEFAULT=128 -DHB_BUFFER_MAX_OPS_FACTOR=8 -DHB_BUFFER_MAX_OPS_MIN=64 -DHB_BUFFER_MAX_OPS_DEFAULT=1024  -DHB_NO_VISIBILITY  -fno-rtti -O1 -fno-omit-frame-pointer -gline-tables-only -DFUZZING_BUILD_MODE_UNSAFE_FOR_PRODUCTION -fsanitize=address -fsanitize-address-use-after-scope -fsanitize=fuzzer-no-link -stdlib=libc++ -fno-sanitize=function,vptr -fno-exceptions -fno-threadsafe-statics -Wcast-align -fvisibility-inlines-hidden -MT libharfbuzz_fuzzing_la-hb-buffer-serialize.lo -MD -MP -MF .deps/libharfbuzz_fuzzing_la-hb-buffer-serialize.Tpo -c -o libharfbuzz_fuzzing_la-hb-buffer-serialize.lo `test -f 'hb-buffer-serialize.cc' || echo './'`hb-buffer-serialize.cc
libtool: compile:  clang++ -DHAVE_CONFIG_H -I. -I.. -pthread -I./hb-ucdn -DHB_NDEBUG -DHB_MAX_NESTING_LEVEL=3 -DHB_SANITIZE_MAX_EDITS=3 -DHB_SANITIZE_MAX_OPS_FACTOR=3 -DHB_SANITIZE_MAX_OPS_MIN=128 -DHB_BUFFER_MAX_LEN_FACTOR=3 -DHB_BUFFER_MAX_LEN_MIN=8 -DHB_BUFFER_MAX_LEN_DEFAULT=128 -DHB_BUFFER_MAX_OPS_FACTOR=8 -DHB_BUFFER_MAX_OPS_MIN=64 -DHB_BUFFER_MAX_OPS_DEFAULT=1024 -DHB_NO_VISIBILITY -fno-rtti -O1 -fno-omit-frame-pointer -gline-tables-only -DFUZZING_BUILD_MODE_UNSAFE_FOR_PRODUCTION -fsanitize=address -fsanitize-address-use-after-scope -fsanitize=fuzzer-no-link -stdlib=libc++ -fno-sanitize=function,vptr -fno-exceptions -fno-threadsafe-statics -Wcast-align -fvisibility-inlines-hidden -MT libharfbuzz_fuzzing_la-hb-buffer-serialize.lo -MD -MP -MF .deps/libharfbuzz_fuzzing_la-hb-buffer-serialize.Tpo -c hb-buffer-serialize.cc  -fPIC -DPIC -o .libs/libharfbuzz_fuzzing_la-hb-buffer-serialize.o
mv -f .deps/libharfbuzz_fuzzing_la-hb-buffer-serialize.Tpo .deps/libharfbuzz_fuzzing_la-hb-buffer-serialize.Plo
/bin/bash ../libtool  --tag=CXX   --mode=compile clang++ -DHAVE_CONFIG_H -I. -I..  -pthread       -I./hb-ucdn  -DHB_NDEBUG -DHB_MAX_NESTING_LEVEL=3 -DHB_SANITIZE_MAX_EDITS=3 -DHB_SANITIZE_MAX_OPS_FACTOR=3 -DHB_SANITIZE_MAX_OPS_MIN=128 -DHB_BUFFER_MAX_LEN_FACTOR=3 -DHB_BUFFER_MAX_LEN_MIN=8 -DHB_BUFFER_MAX_LEN_DEFAULT=128 -DHB_BUFFER_MAX_OPS_FACTOR=8 -DHB_BUFFER_MAX_OPS_MIN=64 -DHB_BUFFER_MAX_OPS_DEFAULT=1024  -DHB_NO_VISIBILITY  -fno-rtti -O1 -fno-omit-frame-pointer -gline-tables-only -DFUZZING_BUILD_MODE_UNSAFE_FOR_PRODUCTION -fsanitize=address -fsanitize-address-use-after-scope -fsanitize=fuzzer-no-link -stdlib=libc++ -fno-sanitize=function,vptr -fno-exceptions -fno-threadsafe-statics -Wcast-align -fvisibility-inlines-hidden -MT libharfbuzz_fuzzing_la-hb-buffer.lo -MD -MP -MF .deps/libharfbuzz_fuzzing_la-hb-buffer.Tpo -c -o libharfbuzz_fuzzing_la-hb-buffer.lo `test -f 'hb-buffer.cc' || echo './'`hb-buffer.cc
libtool: compile:  clang++ -DHAVE_CONFIG_H -I. -I.. -pthread -I./hb-ucdn -DHB_NDEBUG -DHB_MAX_NESTING_LEVEL=3 -DHB_SANITIZE_MAX_EDITS=3 -DHB_SANITIZE_MAX_OPS_FACTOR=3 -DHB_SANITIZE_MAX_OPS_MIN=128 -DHB_BUFFER_MAX_LEN_FACTOR=3 -DHB_BUFFER_MAX_LEN_MIN=8 -DHB_BUFFER_MAX_LEN_DEFAULT=128 -DHB_BUFFER_MAX_OPS_FACTOR=8 -DHB_BUFFER_MAX_OPS_MIN=64 -DHB_BUFFER_MAX_OPS_DEFAULT=1024 -DHB_NO_VISIBILITY -fno-rtti -O1 -fno-omit-frame-pointer -gline-tables-only -DFUZZING_BUILD_MODE_UNSAFE_FOR_PRODUCTION -fsanitize=address -fsanitize-address-use-after-scope -fsanitize=fuzzer-no-link -stdlib=libc++ -fno-sanitize=function,vptr -fno-exceptions -fno-threadsafe-statics -Wcast-align -fvisibility-inlines-hidden -MT libharfbuzz_fuzzing_la-hb-buffer.lo -MD -MP -MF .deps/libharfbuzz_fuzzing_la-hb-buffer.Tpo -c hb-buffer.cc  -fPIC -DPIC -o .libs/libharfbuzz_fuzzing_la-hb-buffer.o
mv -f .deps/libharfbuzz_fuzzing_la-hb-buffer.Tpo .deps/libharfbuzz_fuzzing_la-hb-buffer.Plo
/bin/bash ../libtool  --tag=CXX   --mode=compile clang++ -DHAVE_CONFIG_H -I. -I..  -pthread       -I./hb-ucdn  -DHB_NDEBUG -DHB_MAX_NESTING_LEVEL=3 -DHB_SANITIZE_MAX_EDITS=3 -DHB_SANITIZE_MAX_OPS_FACTOR=3 -DHB_SANITIZE_MAX_OPS_MIN=128 -DHB_BUFFER_MAX_LEN_FACTOR=3 -DHB_BUFFER_MAX_LEN_MIN=8 -DHB_BUFFER_MAX_LEN_DEFAULT=128 -DHB_BUFFER_MAX_OPS_FACTOR=8 -DHB_BUFFER_MAX_OPS_MIN=64 -DHB_BUFFER_MAX_OPS_DEFAULT=1024  -DHB_NO_VISIBILITY  -fno-rtti -O1 -fno-omit-frame-pointer -gline-tables-only -DFUZZING_BUILD_MODE_UNSAFE_FOR_PRODUCTION -fsanitize=address -fsanitize-address-use-after-scope -fsanitize=fuzzer-no-link -stdlib=libc++ -fno-sanitize=function,vptr -fno-exceptions -fno-threadsafe-statics -Wcast-align -fvisibility-inlines-hidden -MT libharfbuzz_fuzzing_la-hb-common.lo -MD -MP -MF .deps/libharfbuzz_fuzzing_la-hb-common.Tpo -c -o libharfbuzz_fuzzing_la-hb-common.lo `test -f 'hb-common.cc' || echo './'`hb-common.cc
libtool: compile:  clang++ -DHAVE_CONFIG_H -I. -I.. -pthread -I./hb-ucdn -DHB_NDEBUG -DHB_MAX_NESTING_LEVEL=3 -DHB_SANITIZE_MAX_EDITS=3 -DHB_SANITIZE_MAX_OPS_FACTOR=3 -DHB_SANITIZE_MAX_OPS_MIN=128 -DHB_BUFFER_MAX_LEN_FACTOR=3 -DHB_BUFFER_MAX_LEN_MIN=8 -DHB_BUFFER_MAX_LEN_DEFAULT=128 -DHB_BUFFER_MAX_OPS_FACTOR=8 -DHB_BUFFER_MAX_OPS_MIN=64 -DHB_BUFFER_MAX_OPS_DEFAULT=1024 -DHB_NO_VISIBILITY -fno-rtti -O1 -fno-omit-frame-pointer -gline-tables-only -DFUZZING_BUILD_MODE_UNSAFE_FOR_PRODUCTION -fsanitize=address -fsanitize-address-use-after-scope -fsanitize=fuzzer-no-link -stdlib=libc++ -fno-sanitize=function,vptr -fno-exceptions -fno-threadsafe-statics -Wcast-align -fvisibility-inlines-hidden -MT libharfbuzz_fuzzing_la-hb-common.lo -MD -MP -MF .deps/libharfbuzz_fuzzing_la-hb-common.Tpo -c hb-common.cc  -fPIC -DPIC -o .libs/libharfbuzz_fuzzing_la-hb-common.o
mv -f .deps/libharfbuzz_fuzzing_la-hb-common.Tpo .deps/libharfbuzz_fuzzing_la-hb-common.Plo
/bin/bash ../libtool  --tag=CXX   --mode=compile clang++ -DHAVE_CONFIG_H -I. -I..  -pthread       -I./hb-ucdn  -DHB_NDEBUG -DHB_MAX_NESTING_LEVEL=3 -DHB_SANITIZE_MAX_EDITS=3 -DHB_SANITIZE_MAX_OPS_FACTOR=3 -DHB_SANITIZE_MAX_OPS_MIN=128 -DHB_BUFFER_MAX_LEN_FACTOR=3 -DHB_BUFFER_MAX_LEN_MIN=8 -DHB_BUFFER_MAX_LEN_DEFAULT=128 -DHB_BUFFER_MAX_OPS_FACTOR=8 -DHB_BUFFER_MAX_OPS_MIN=64 -DHB_BUFFER_MAX_OPS_DEFAULT=1024  -DHB_NO_VISIBILITY  -fno-rtti -O1 -fno-omit-frame-pointer -gline-tables-only -DFUZZING_BUILD_MODE_UNSAFE_FOR_PRODUCTION -fsanitize=address -fsanitize-address-use-after-scope -fsanitize=fuzzer-no-link -stdlib=libc++ -fno-sanitize=function,vptr -fno-exceptions -fno-threadsafe-statics -Wcast-align -fvisibility-inlines-hidden -MT libharfbuzz_fuzzing_la-hb-face.lo -MD -MP -MF .deps/libharfbuzz_fuzzing_la-hb-face.Tpo -c -o libharfbuzz_fuzzing_la-hb-face.lo `test -f 'hb-face.cc' || echo './'`hb-face.cc
libtool: compile:  clang++ -DHAVE_CONFIG_H -I. -I.. -pthread -I./hb-ucdn -DHB_NDEBUG -DHB_MAX_NESTING_LEVEL=3 -DHB_SANITIZE_MAX_EDITS=3 -DHB_SANITIZE_MAX_OPS_FACTOR=3 -DHB_SANITIZE_MAX_OPS_MIN=128 -DHB_BUFFER_MAX_LEN_FACTOR=3 -DHB_BUFFER_MAX_LEN_MIN=8 -DHB_BUFFER_MAX_LEN_DEFAULT=128 -DHB_BUFFER_MAX_OPS_FACTOR=8 -DHB_BUFFER_MAX_OPS_MIN=64 -DHB_BUFFER_MAX_OPS_DEFAULT=1024 -DHB_NO_VISIBILITY -fno-rtti -O1 -fno-omit-frame-pointer -gline-tables-only -DFUZZING_BUILD_MODE_UNSAFE_FOR_PRODUCTION -fsanitize=address -fsanitize-address-use-after-scope -fsanitize=fuzzer-no-link -stdlib=libc++ -fno-sanitize=function,vptr -fno-exceptions -fno-threadsafe-statics -Wcast-align -fvisibility-inlines-hidden -MT libharfbuzz_fuzzing_la-hb-face.lo -MD -MP -MF .deps/libharfbuzz_fuzzing_la-hb-face.Tpo -c hb-face.cc  -fPIC -DPIC -o .libs/libharfbuzz_fuzzing_la-hb-face.o
mv -f .deps/libharfbuzz_fuzzing_la-hb-face.Tpo .deps/libharfbuzz_fuzzing_la-hb-face.Plo
/bin/bash ../libtool  --tag=CXX   --mode=compile clang++ -DHAVE_CONFIG_H -I. -I..  -pthread       -I./hb-ucdn  -DHB_NDEBUG -DHB_MAX_NESTING_LEVEL=3 -DHB_SANITIZE_MAX_EDITS=3 -DHB_SANITIZE_MAX_OPS_FACTOR=3 -DHB_SANITIZE_MAX_OPS_MIN=128 -DHB_BUFFER_MAX_LEN_FACTOR=3 -DHB_BUFFER_MAX_LEN_MIN=8 -DHB_BUFFER_MAX_LEN_DEFAULT=128 -DHB_BUFFER_MAX_OPS_FACTOR=8 -DHB_BUFFER_MAX_OPS_MIN=64 -DHB_BUFFER_MAX_OPS_DEFAULT=1024  -DHB_NO_VISIBILITY  -fno-rtti -O1 -fno-omit-frame-pointer -gline-tables-only -DFUZZING_BUILD_MODE_UNSAFE_FOR_PRODUCTION -fsanitize=address -fsanitize-address-use-after-scope -fsanitize=fuzzer-no-link -stdlib=libc++ -fno-sanitize=function,vptr -fno-exceptions -fno-threadsafe-statics -Wcast-align -fvisibility-inlines-hidden -MT libharfbuzz_fuzzing_la-hb-font.lo -MD -MP -MF .deps/libharfbuzz_fuzzing_la-hb-font.Tpo -c -o libharfbuzz_fuzzing_la-hb-font.lo `test -f 'hb-font.cc' || echo './'`hb-font.cc
libtool: compile:  clang++ -DHAVE_CONFIG_H -I. -I.. -pthread -I./hb-ucdn -DHB_NDEBUG -DHB_MAX_NESTING_LEVEL=3 -DHB_SANITIZE_MAX_EDITS=3 -DHB_SANITIZE_MAX_OPS_FACTOR=3 -DHB_SANITIZE_MAX_OPS_MIN=128 -DHB_BUFFER_MAX_LEN_FACTOR=3 -DHB_BUFFER_MAX_LEN_MIN=8 -DHB_BUFFER_MAX_LEN_DEFAULT=128 -DHB_BUFFER_MAX_OPS_FACTOR=8 -DHB_BUFFER_MAX_OPS_MIN=64 -DHB_BUFFER_MAX_OPS_DEFAULT=1024 -DHB_NO_VISIBILITY -fno-rtti -O1 -fno-omit-frame-pointer -gline-tables-only -DFUZZING_BUILD_MODE_UNSAFE_FOR_PRODUCTION -fsanitize=address -fsanitize-address-use-after-scope -fsanitize=fuzzer-no-link -stdlib=libc++ -fno-sanitize=function,vptr -fno-exceptions -fno-threadsafe-statics -Wcast-align -fvisibility-inlines-hidden -MT libharfbuzz_fuzzing_la-hb-font.lo -MD -MP -MF .deps/libharfbuzz_fuzzing_la-hb-font.Tpo -c hb-font.cc  -fPIC -DPIC -o .libs/libharfbuzz_fuzzing_la-hb-font.o
mv -f .deps/libharfbuzz_fuzzing_la-hb-font.Tpo .deps/libharfbuzz_fuzzing_la-hb-font.Plo
/bin/bash ../libtool  --tag=CXX   --mode=compile clang++ -DHAVE_CONFIG_H -I. -I..  -pthread       -I./hb-ucdn  -DHB_NDEBUG -DHB_MAX_NESTING_LEVEL=3 -DHB_SANITIZE_MAX_EDITS=3 -DHB_SANITIZE_MAX_OPS_FACTOR=3 -DHB_SANITIZE_MAX_OPS_MIN=128 -DHB_BUFFER_MAX_LEN_FACTOR=3 -DHB_BUFFER_MAX_LEN_MIN=8 -DHB_BUFFER_MAX_LEN_DEFAULT=128 -DHB_BUFFER_MAX_OPS_FACTOR=8 -DHB_BUFFER_MAX_OPS_MIN=64 -DHB_BUFFER_MAX_OPS_DEFAULT=1024  -DHB_NO_VISIBILITY  -fno-rtti -O1 -fno-omit-frame-pointer -gline-tables-only -DFUZZING_BUILD_MODE_UNSAFE_FOR_PRODUCTION -fsanitize=address -fsanitize-address-use-after-scope -fsanitize=fuzzer-no-link -stdlib=libc++ -fno-sanitize=function,vptr -fno-exceptions -fno-threadsafe-statics -Wcast-align -fvisibility-inlines-hidden -MT libharfbuzz_fuzzing_la-hb-map.lo -MD -MP -MF .deps/libharfbuzz_fuzzing_la-hb-map.Tpo -c -o libharfbuzz_fuzzing_la-hb-map.lo `test -f 'hb-map.cc' || echo './'`hb-map.cc
libtool: compile:  clang++ -DHAVE_CONFIG_H -I. -I.. -pthread -I./hb-ucdn -DHB_NDEBUG -DHB_MAX_NESTING_LEVEL=3 -DHB_SANITIZE_MAX_EDITS=3 -DHB_SANITIZE_MAX_OPS_FACTOR=3 -DHB_SANITIZE_MAX_OPS_MIN=128 -DHB_BUFFER_MAX_LEN_FACTOR=3 -DHB_BUFFER_MAX_LEN_MIN=8 -DHB_BUFFER_MAX_LEN_DEFAULT=128 -DHB_BUFFER_MAX_OPS_FACTOR=8 -DHB_BUFFER_MAX_OPS_MIN=64 -DHB_BUFFER_MAX_OPS_DEFAULT=1024 -DHB_NO_VISIBILITY -fno-rtti -O1 -fno-omit-frame-pointer -gline-tables-only -DFUZZING_BUILD_MODE_UNSAFE_FOR_PRODUCTION -fsanitize=address -fsanitize-address-use-after-scope -fsanitize=fuzzer-no-link -stdlib=libc++ -fno-sanitize=function,vptr -fno-exceptions -fno-threadsafe-statics -Wcast-align -fvisibility-inlines-hidden -MT libharfbuzz_fuzzing_la-hb-map.lo -MD -MP -MF .deps/libharfbuzz_fuzzing_la-hb-map.Tpo -c hb-map.cc  -fPIC -DPIC -o .libs/libharfbuzz_fuzzing_la-hb-map.o
mv -f .deps/libharfbuzz_fuzzing_la-hb-map.Tpo .deps/libharfbuzz_fuzzing_la-hb-map.Plo
/bin/bash ../libtool  --tag=CXX   --mode=compile clang++ -DHAVE_CONFIG_H -I. -I..  -pthread       -I./hb-ucdn  -DHB_NDEBUG -DHB_MAX_NESTING_LEVEL=3 -DHB_SANITIZE_MAX_EDITS=3 -DHB_SANITIZE_MAX_OPS_FACTOR=3 -DHB_SANITIZE_MAX_OPS_MIN=128 -DHB_BUFFER_MAX_LEN_FACTOR=3 -DHB_BUFFER_MAX_LEN_MIN=8 -DHB_BUFFER_MAX_LEN_DEFAULT=128 -DHB_BUFFER_MAX_OPS_FACTOR=8 -DHB_BUFFER_MAX_OPS_MIN=64 -DHB_BUFFER_MAX_OPS_DEFAULT=1024  -DHB_NO_VISIBILITY  -fno-rtti -O1 -fno-omit-frame-pointer -gline-tables-only -DFUZZING_BUILD_MODE_UNSAFE_FOR_PRODUCTION -fsanitize=address -fsanitize-address-use-after-scope -fsanitize=fuzzer-no-link -stdlib=libc++ -fno-sanitize=function,vptr -fno-exceptions -fno-threadsafe-statics -Wcast-align -fvisibility-inlines-hidden -MT libharfbuzz_fuzzing_la-hb-ot-tag.lo -MD -MP -MF .deps/libharfbuzz_fuzzing_la-hb-ot-tag.Tpo -c -o libharfbuzz_fuzzing_la-hb-ot-tag.lo `test -f 'hb-ot-tag.cc' || echo './'`hb-ot-tag.cc
libtool: compile:  clang++ -DHAVE_CONFIG_H -I. -I.. -pthread -I./hb-ucdn -DHB_NDEBUG -DHB_MAX_NESTING_LEVEL=3 -DHB_SANITIZE_MAX_EDITS=3 -DHB_SANITIZE_MAX_OPS_FACTOR=3 -DHB_SANITIZE_MAX_OPS_MIN=128 -DHB_BUFFER_MAX_LEN_FACTOR=3 -DHB_BUFFER_MAX_LEN_MIN=8 -DHB_BUFFER_MAX_LEN_DEFAULT=128 -DHB_BUFFER_MAX_OPS_FACTOR=8 -DHB_BUFFER_MAX_OPS_MIN=64 -DHB_BUFFER_MAX_OPS_DEFAULT=1024 -DHB_NO_VISIBILITY -fno-rtti -O1 -fno-omit-frame-pointer -gline-tables-only -DFUZZING_BUILD_MODE_UNSAFE_FOR_PRODUCTION -fsanitize=address -fsanitize-address-use-after-scope -fsanitize=fuzzer-no-link -stdlib=libc++ -fno-sanitize=function,vptr -fno-exceptions -fno-threadsafe-statics -Wcast-align -fvisibility-inlines-hidden -MT libharfbuzz_fuzzing_la-hb-ot-tag.lo -MD -MP -MF .deps/libharfbuzz_fuzzing_la-hb-ot-tag.Tpo -c hb-ot-tag.cc  -fPIC -DPIC -o .libs/libharfbuzz_fuzzing_la-hb-ot-tag.o
mv -f .deps/libharfbuzz_fuzzing_la-hb-ot-tag.Tpo .deps/libharfbuzz_fuzzing_la-hb-ot-tag.Plo
/bin/bash ../libtool  --tag=CXX   --mode=compile clang++ -DHAVE_CONFIG_H -I. -I..  -pthread       -I./hb-ucdn  -DHB_NDEBUG -DHB_MAX_NESTING_LEVEL=3 -DHB_SANITIZE_MAX_EDITS=3 -DHB_SANITIZE_MAX_OPS_FACTOR=3 -DHB_SANITIZE_MAX_OPS_MIN=128 -DHB_BUFFER_MAX_LEN_FACTOR=3 -DHB_BUFFER_MAX_LEN_MIN=8 -DHB_BUFFER_MAX_LEN_DEFAULT=128 -DHB_BUFFER_MAX_OPS_FACTOR=8 -DHB_BUFFER_MAX_OPS_MIN=64 -DHB_BUFFER_MAX_OPS_DEFAULT=1024  -DHB_NO_VISIBILITY  -fno-rtti -O1 -fno-omit-frame-pointer -gline-tables-only -DFUZZING_BUILD_MODE_UNSAFE_FOR_PRODUCTION -fsanitize=address -fsanitize-address-use-after-scope -fsanitize=fuzzer-no-link -stdlib=libc++ -fno-sanitize=function,vptr -fno-exceptions -fno-threadsafe-statics -Wcast-align -fvisibility-inlines-hidden -MT libharfbuzz_fuzzing_la-hb-set.lo -MD -MP -MF .deps/libharfbuzz_fuzzing_la-hb-set.Tpo -c -o libharfbuzz_fuzzing_la-hb-set.lo `test -f 'hb-set.cc' || echo './'`hb-set.cc
libtool: compile:  clang++ -DHAVE_CONFIG_H -I. -I.. -pthread -I./hb-ucdn -DHB_NDEBUG -DHB_MAX_NESTING_LEVEL=3 -DHB_SANITIZE_MAX_EDITS=3 -DHB_SANITIZE_MAX_OPS_FACTOR=3 -DHB_SANITIZE_MAX_OPS_MIN=128 -DHB_BUFFER_MAX_LEN_FACTOR=3 -DHB_BUFFER_MAX_LEN_MIN=8 -DHB_BUFFER_MAX_LEN_DEFAULT=128 -DHB_BUFFER_MAX_OPS_FACTOR=8 -DHB_BUFFER_MAX_OPS_MIN=64 -DHB_BUFFER_MAX_OPS_DEFAULT=1024 -DHB_NO_VISIBILITY -fno-rtti -O1 -fno-omit-frame-pointer -gline-tables-only -DFUZZING_BUILD_MODE_UNSAFE_FOR_PRODUCTION -fsanitize=address -fsanitize-address-use-after-scope -fsanitize=fuzzer-no-link -stdlib=libc++ -fno-sanitize=function,vptr -fno-exceptions -fno-threadsafe-statics -Wcast-align -fvisibility-inlines-hidden -MT libharfbuzz_fuzzing_la-hb-set.lo -MD -MP -MF .deps/libharfbuzz_fuzzing_la-hb-set.Tpo -c hb-set.cc  -fPIC -DPIC -o .libs/libharfbuzz_fuzzing_la-hb-set.o
mv -f .deps/libharfbuzz_fuzzing_la-hb-set.Tpo .deps/libharfbuzz_fuzzing_la-hb-set.Plo
/bin/bash ../libtool  --tag=CXX   --mode=compile clang++ -DHAVE_CONFIG_H -I. -I..  -pthread       -I./hb-ucdn  -DHB_NDEBUG -DHB_MAX_NESTING_LEVEL=3 -DHB_SANITIZE_MAX_EDITS=3 -DHB_SANITIZE_MAX_OPS_FACTOR=3 -DHB_SANITIZE_MAX_OPS_MIN=128 -DHB_BUFFER_MAX_LEN_FACTOR=3 -DHB_BUFFER_MAX_LEN_MIN=8 -DHB_BUFFER_MAX_LEN_DEFAULT=128 -DHB_BUFFER_MAX_OPS_FACTOR=8 -DHB_BUFFER_MAX_OPS_MIN=64 -DHB_BUFFER_MAX_OPS_DEFAULT=1024  -DHB_NO_VISIBILITY  -fno-rtti -O1 -fno-omit-frame-pointer -gline-tables-only -DFUZZING_BUILD_MODE_UNSAFE_FOR_PRODUCTION -fsanitize=address -fsanitize-address-use-after-scope -fsanitize=fuzzer-no-link -stdlib=libc++ -fno-sanitize=function,vptr -fno-exceptions -fno-threadsafe-statics -Wcast-align -fvisibility-inlines-hidden -MT libharfbuzz_fuzzing_la-hb-shape.lo -MD -MP -MF .deps/libharfbuzz_fuzzing_la-hb-shape.Tpo -c -o libharfbuzz_fuzzing_la-hb-shape.lo `test -f 'hb-shape.cc' || echo './'`hb-shape.cc
libtool: compile:  clang++ -DHAVE_CONFIG_H -I. -I.. -pthread -I./hb-ucdn -DHB_NDEBUG -DHB_MAX_NESTING_LEVEL=3 -DHB_SANITIZE_MAX_EDITS=3 -DHB_SANITIZE_MAX_OPS_FACTOR=3 -DHB_SANITIZE_MAX_OPS_MIN=128 -DHB_BUFFER_MAX_LEN_FACTOR=3 -DHB_BUFFER_MAX_LEN_MIN=8 -DHB_BUFFER_MAX_LEN_DEFAULT=128 -DHB_BUFFER_MAX_OPS_FACTOR=8 -DHB_BUFFER_MAX_OPS_MIN=64 -DHB_BUFFER_MAX_OPS_DEFAULT=1024 -DHB_NO_VISIBILITY -fno-rtti -O1 -fno-omit-frame-pointer -gline-tables-only -DFUZZING_BUILD_MODE_UNSAFE_FOR_PRODUCTION -fsanitize=address -fsanitize-address-use-after-scope -fsanitize=fuzzer-no-link -stdlib=libc++ -fno-sanitize=function,vptr -fno-exceptions -fno-threadsafe-statics -Wcast-align -fvisibility-inlines-hidden -MT libharfbuzz_fuzzing_la-hb-shape.lo -MD -MP -MF .deps/libharfbuzz_fuzzing_la-hb-shape.Tpo -c hb-shape.cc  -fPIC -DPIC -o .libs/libharfbuzz_fuzzing_la-hb-shape.o
mv -f .deps/libharfbuzz_fuzzing_la-hb-shape.Tpo .deps/libharfbuzz_fuzzing_la-hb-shape.Plo
/bin/bash ../libtool  --tag=CXX   --mode=compile clang++ -DHAVE_CONFIG_H -I. -I..  -pthread       -I./hb-ucdn  -DHB_NDEBUG -DHB_MAX_NESTING_LEVEL=3 -DHB_SANITIZE_MAX_EDITS=3 -DHB_SANITIZE_MAX_OPS_FACTOR=3 -DHB_SANITIZE_MAX_OPS_MIN=128 -DHB_BUFFER_MAX_LEN_FACTOR=3 -DHB_BUFFER_MAX_LEN_MIN=8 -DHB_BUFFER_MAX_LEN_DEFAULT=128 -DHB_BUFFER_MAX_OPS_FACTOR=8 -DHB_BUFFER_MAX_OPS_MIN=64 -DHB_BUFFER_MAX_OPS_DEFAULT=1024  -DHB_NO_VISIBILITY  -fno-rtti -O1 -fno-omit-frame-pointer -gline-tables-only -DFUZZING_BUILD_MODE_UNSAFE_FOR_PRODUCTION -fsanitize=address -fsanitize-address-use-after-scope -fsanitize=fuzzer-no-link -stdlib=libc++ -fno-sanitize=function,vptr -fno-exceptions -fno-threadsafe-statics -Wcast-align -fvisibility-inlines-hidden -MT libharfbuzz_fuzzing_la-hb-shape-plan.lo -MD -MP -MF .deps/libharfbuzz_fuzzing_la-hb-shape-plan.Tpo -c -o libharfbuzz_fuzzing_la-hb-shape-plan.lo `test -f 'hb-shape-plan.cc' || echo './'`hb-shape-plan.cc
libtool: compile:  clang++ -DHAVE_CONFIG_H -I. -I.. -pthread -I./hb-ucdn -DHB_NDEBUG -DHB_MAX_NESTING_LEVEL=3 -DHB_SANITIZE_MAX_EDITS=3 -DHB_SANITIZE_MAX_OPS_FACTOR=3 -DHB_SANITIZE_MAX_OPS_MIN=128 -DHB_BUFFER_MAX_LEN_FACTOR=3 -DHB_BUFFER_MAX_LEN_MIN=8 -DHB_BUFFER_MAX_LEN_DEFAULT=128 -DHB_BUFFER_MAX_OPS_FACTOR=8 -DHB_BUFFER_MAX_OPS_MIN=64 -DHB_BUFFER_MAX_OPS_DEFAULT=1024 -DHB_NO_VISIBILITY -fno-rtti -O1 -fno-omit-frame-pointer -gline-tables-only -DFUZZING_BUILD_MODE_UNSAFE_FOR_PRODUCTION -fsanitize=address -fsanitize-address-use-after-scope -fsanitize=fuzzer-no-link -stdlib=libc++ -fno-sanitize=function,vptr -fno-exceptions -fno-threadsafe-statics -Wcast-align -fvisibility-inlines-hidden -MT libharfbuzz_fuzzing_la-hb-shape-plan.lo -MD -MP -MF .deps/libharfbuzz_fuzzing_la-hb-shape-plan.Tpo -c hb-shape-plan.cc  -fPIC -DPIC -o .libs/libharfbuzz_fuzzing_la-hb-shape-plan.o
mv -f .deps/libharfbuzz_fuzzing_la-hb-shape-plan.Tpo .deps/libharfbuzz_fuzzing_la-hb-shape-plan.Plo
/bin/bash ../libtool  --tag=CXX   --mode=compile clang++ -DHAVE_CONFIG_H -I. -I..  -pthread       -I./hb-ucdn  -DHB_NDEBUG -DHB_MAX_NESTING_LEVEL=3 -DHB_SANITIZE_MAX_EDITS=3 -DHB_SANITIZE_MAX_OPS_FACTOR=3 -DHB_SANITIZE_MAX_OPS_MIN=128 -DHB_BUFFER_MAX_LEN_FACTOR=3 -DHB_BUFFER_MAX_LEN_MIN=8 -DHB_BUFFER_MAX_LEN_DEFAULT=128 -DHB_BUFFER_MAX_OPS_FACTOR=8 -DHB_BUFFER_MAX_OPS_MIN=64 -DHB_BUFFER_MAX_OPS_DEFAULT=1024  -DHB_NO_VISIBILITY  -fno-rtti -O1 -fno-omit-frame-pointer -gline-tables-only -DFUZZING_BUILD_MODE_UNSAFE_FOR_PRODUCTION -fsanitize=address -fsanitize-address-use-after-scope -fsanitize=fuzzer-no-link -stdlib=libc++ -fno-sanitize=function,vptr -fno-exceptions -fno-threadsafe-statics -Wcast-align -fvisibility-inlines-hidden -MT libharfbuzz_fuzzing_la-hb-shaper.lo -MD -MP -MF .deps/libharfbuzz_fuzzing_la-hb-shaper.Tpo -c -o libharfbuzz_fuzzing_la-hb-shaper.lo `test -f 'hb-shaper.cc' || echo './'`hb-shaper.cc
libtool: compile:  clang++ -DHAVE_CONFIG_H -I. -I.. -pthread -I./hb-ucdn -DHB_NDEBUG -DHB_MAX_NESTING_LEVEL=3 -DHB_SANITIZE_MAX_EDITS=3 -DHB_SANITIZE_MAX_OPS_FACTOR=3 -DHB_SANITIZE_MAX_OPS_MIN=128 -DHB_BUFFER_MAX_LEN_FACTOR=3 -DHB_BUFFER_MAX_LEN_MIN=8 -DHB_BUFFER_MAX_LEN_DEFAULT=128 -DHB_BUFFER_MAX_OPS_FACTOR=8 -DHB_BUFFER_MAX_OPS_MIN=64 -DHB_BUFFER_MAX_OPS_DEFAULT=1024 -DHB_NO_VISIBILITY -fno-rtti -O1 -fno-omit-frame-pointer -gline-tables-only -DFUZZING_BUILD_MODE_UNSAFE_FOR_PRODUCTION -fsanitize=address -fsanitize-address-use-after-scope -fsanitize=fuzzer-no-link -stdlib=libc++ -fno-sanitize=function,vptr -fno-exceptions -fno-threadsafe-statics -Wcast-align -fvisibility-inlines-hidden -MT libharfbuzz_fuzzing_la-hb-shaper.lo -MD -MP -MF .deps/libharfbuzz_fuzzing_la-hb-shaper.Tpo -c hb-shaper.cc  -fPIC -DPIC -o .libs/libharfbuzz_fuzzing_la-hb-shaper.o
mv -f .deps/libharfbuzz_fuzzing_la-hb-shaper.Tpo .deps/libharfbuzz_fuzzing_la-hb-shaper.Plo
/bin/bash ../libtool  --tag=CXX   --mode=compile clang++ -DHAVE_CONFIG_H -I. -I..  -pthread       -I./hb-ucdn  -DHB_NDEBUG -DHB_MAX_NESTING_LEVEL=3 -DHB_SANITIZE_MAX_EDITS=3 -DHB_SANITIZE_MAX_OPS_FACTOR=3 -DHB_SANITIZE_MAX_OPS_MIN=128 -DHB_BUFFER_MAX_LEN_FACTOR=3 -DHB_BUFFER_MAX_LEN_MIN=8 -DHB_BUFFER_MAX_LEN_DEFAULT=128 -DHB_BUFFER_MAX_OPS_FACTOR=8 -DHB_BUFFER_MAX_OPS_MIN=64 -DHB_BUFFER_MAX_OPS_DEFAULT=1024  -DHB_NO_VISIBILITY  -fno-rtti -O1 -fno-omit-frame-pointer -gline-tables-only -DFUZZING_BUILD_MODE_UNSAFE_FOR_PRODUCTION -fsanitize=address -fsanitize-address-use-after-scope -fsanitize=fuzzer-no-link -stdlib=libc++ -fno-sanitize=function,vptr -fno-exceptions -fno-threadsafe-statics -Wcast-align -fvisibility-inlines-hidden -MT libharfbuzz_fuzzing_la-hb-static.lo -MD -MP -MF .deps/libharfbuzz_fuzzing_la-hb-static.Tpo -c -o libharfbuzz_fuzzing_la-hb-static.lo `test -f 'hb-static.cc' || echo './'`hb-static.cc
libtool: compile:  clang++ -DHAVE_CONFIG_H -I. -I.. -pthread -I./hb-ucdn -DHB_NDEBUG -DHB_MAX_NESTING_LEVEL=3 -DHB_SANITIZE_MAX_EDITS=3 -DHB_SANITIZE_MAX_OPS_FACTOR=3 -DHB_SANITIZE_MAX_OPS_MIN=128 -DHB_BUFFER_MAX_LEN_FACTOR=3 -DHB_BUFFER_MAX_LEN_MIN=8 -DHB_BUFFER_MAX_LEN_DEFAULT=128 -DHB_BUFFER_MAX_OPS_FACTOR=8 -DHB_BUFFER_MAX_OPS_MIN=64 -DHB_BUFFER_MAX_OPS_DEFAULT=1024 -DHB_NO_VISIBILITY -fno-rtti -O1 -fno-omit-frame-pointer -gline-tables-only -DFUZZING_BUILD_MODE_UNSAFE_FOR_PRODUCTION -fsanitize=address -fsanitize-address-use-after-scope -fsanitize=fuzzer-no-link -stdlib=libc++ -fno-sanitize=function,vptr -fno-exceptions -fno-threadsafe-statics -Wcast-align -fvisibility-inlines-hidden -MT libharfbuzz_fuzzing_la-hb-static.lo -MD -MP -MF .deps/libharfbuzz_fuzzing_la-hb-static.Tpo -c hb-static.cc  -fPIC -DPIC -o .libs/libharfbuzz_fuzzing_la-hb-static.o
mv -f .deps/libharfbuzz_fuzzing_la-hb-static.Tpo .deps/libharfbuzz_fuzzing_la-hb-static.Plo
/bin/bash ../libtool  --tag=CXX   --mode=compile clang++ -DHAVE_CONFIG_H -I. -I..  -pthread       -I./hb-ucdn  -DHB_NDEBUG -DHB_MAX_NESTING_LEVEL=3 -DHB_SANITIZE_MAX_EDITS=3 -DHB_SANITIZE_MAX_OPS_FACTOR=3 -DHB_SANITIZE_MAX_OPS_MIN=128 -DHB_BUFFER_MAX_LEN_FACTOR=3 -DHB_BUFFER_MAX_LEN_MIN=8 -DHB_BUFFER_MAX_LEN_DEFAULT=128 -DHB_BUFFER_MAX_OPS_FACTOR=8 -DHB_BUFFER_MAX_OPS_MIN=64 -DHB_BUFFER_MAX_OPS_DEFAULT=1024  -DHB_NO_VISIBILITY  -fno-rtti -O1 -fno-omit-frame-pointer -gline-tables-only -DFUZZING_BUILD_MODE_UNSAFE_FOR_PRODUCTION -fsanitize=address -fsanitize-address-use-after-scope -fsanitize=fuzzer-no-link -stdlib=libc++ -fno-sanitize=function,vptr -fno-exceptions -fno-threadsafe-statics -Wcast-align -fvisibility-inlines-hidden -MT libharfbuzz_fuzzing_la-hb-unicode.lo -MD -MP -MF .deps/libharfbuzz_fuzzing_la-hb-unicode.Tpo -c -o libharfbuzz_fuzzing_la-hb-unicode.lo `test -f 'hb-unicode.cc' || echo './'`hb-unicode.cc
libtool: compile:  clang++ -DHAVE_CONFIG_H -I. -I.. -pthread -I./hb-ucdn -DHB_NDEBUG -DHB_MAX_NESTING_LEVEL=3 -DHB_SANITIZE_MAX_EDITS=3 -DHB_SANITIZE_MAX_OPS_FACTOR=3 -DHB_SANITIZE_MAX_OPS_MIN=128 -DHB_BUFFER_MAX_LEN_FACTOR=3 -DHB_BUFFER_MAX_LEN_MIN=8 -DHB_BUFFER_MAX_LEN_DEFAULT=128 -DHB_BUFFER_MAX_OPS_FACTOR=8 -DHB_BUFFER_MAX_OPS_MIN=64 -DHB_BUFFER_MAX_OPS_DEFAULT=1024 -DHB_NO_VISIBILITY -fno-rtti -O1 -fno-omit-frame-pointer -gline-tables-only -DFUZZING_BUILD_MODE_UNSAFE_FOR_PRODUCTION -fsanitize=address -fsanitize-address-use-after-scope -fsanitize=fuzzer-no-link -stdlib=libc++ -fno-sanitize=function,vptr -fno-exceptions -fno-threadsafe-statics -Wcast-align -fvisibility-inlines-hidden -MT libharfbuzz_fuzzing_la-hb-unicode.lo -MD -MP -MF .deps/libharfbuzz_fuzzing_la-hb-unicode.Tpo -c hb-unicode.cc  -fPIC -DPIC -o .libs/libharfbuzz_fuzzing_la-hb-unicode.o
mv -f .deps/libharfbuzz_fuzzing_la-hb-unicode.Tpo .deps/libharfbuzz_fuzzing_la-hb-unicode.Plo
/bin/bash ../libtool  --tag=CXX   --mode=compile clang++ -DHAVE_CONFIG_H -I. -I..  -pthread       -I./hb-ucdn  -DHB_NDEBUG -DHB_MAX_NESTING_LEVEL=3 -DHB_SANITIZE_MAX_EDITS=3 -DHB_SANITIZE_MAX_OPS_FACTOR=3 -DHB_SANITIZE_MAX_OPS_MIN=128 -DHB_BUFFER_MAX_LEN_FACTOR=3 -DHB_BUFFER_MAX_LEN_MIN=8 -DHB_BUFFER_MAX_LEN_DEFAULT=128 -DHB_BUFFER_MAX_OPS_FACTOR=8 -DHB_BUFFER_MAX_OPS_MIN=64 -DHB_BUFFER_MAX_OPS_DEFAULT=1024  -DHB_NO_VISIBILITY  -fno-rtti -O1 -fno-omit-frame-pointer -gline-tables-only -DFUZZING_BUILD_MODE_UNSAFE_FOR_PRODUCTION -fsanitize=address -fsanitize-address-use-after-scope -fsanitize=fuzzer-no-link -stdlib=libc++ -fno-sanitize=function,vptr -fno-exceptions -fno-threadsafe-statics -Wcast-align -fvisibility-inlines-hidden -MT libharfbuzz_fuzzing_la-hb-warning.lo -MD -MP -MF .deps/libharfbuzz_fuzzing_la-hb-warning.Tpo -c -o libharfbuzz_fuzzing_la-hb-warning.lo `test -f 'hb-warning.cc' || echo './'`hb-warning.cc
libtool: compile:  clang++ -DHAVE_CONFIG_H -I. -I.. -pthread -I./hb-ucdn -DHB_NDEBUG -DHB_MAX_NESTING_LEVEL=3 -DHB_SANITIZE_MAX_EDITS=3 -DHB_SANITIZE_MAX_OPS_FACTOR=3 -DHB_SANITIZE_MAX_OPS_MIN=128 -DHB_BUFFER_MAX_LEN_FACTOR=3 -DHB_BUFFER_MAX_LEN_MIN=8 -DHB_BUFFER_MAX_LEN_DEFAULT=128 -DHB_BUFFER_MAX_OPS_FACTOR=8 -DHB_BUFFER_MAX_OPS_MIN=64 -DHB_BUFFER_MAX_OPS_DEFAULT=1024 -DHB_NO_VISIBILITY -fno-rtti -O1 -fno-omit-frame-pointer -gline-tables-only -DFUZZING_BUILD_MODE_UNSAFE_FOR_PRODUCTION -fsanitize=address -fsanitize-address-use-after-scope -fsanitize=fuzzer-no-link -stdlib=libc++ -fno-sanitize=function,vptr -fno-exceptions -fno-threadsafe-statics -Wcast-align -fvisibility-inlines-hidden -MT libharfbuzz_fuzzing_la-hb-warning.lo -MD -MP -MF .deps/libharfbuzz_fuzzing_la-hb-warning.Tpo -c hb-warning.cc  -fPIC -DPIC -o .libs/libharfbuzz_fuzzing_la-hb-warning.o
mv -f .deps/libharfbuzz_fuzzing_la-hb-warning.Tpo .deps/libharfbuzz_fuzzing_la-hb-warning.Plo
/bin/bash ../libtool  --tag=CXX   --mode=compile clang++ -DHAVE_CONFIG_H -I. -I..  -pthread       -I./hb-ucdn  -DHB_NDEBUG -DHB_MAX_NESTING_LEVEL=3 -DHB_SANITIZE_MAX_EDITS=3 -DHB_SANITIZE_MAX_OPS_FACTOR=3 -DHB_SANITIZE_MAX_OPS_MIN=128 -DHB_BUFFER_MAX_LEN_FACTOR=3 -DHB_BUFFER_MAX_LEN_MIN=8 -DHB_BUFFER_MAX_LEN_DEFAULT=128 -DHB_BUFFER_MAX_OPS_FACTOR=8 -DHB_BUFFER_MAX_OPS_MIN=64 -DHB_BUFFER_MAX_OPS_DEFAULT=1024  -DHB_NO_VISIBILITY  -fno-rtti -O1 -fno-omit-frame-pointer -gline-tables-only -DFUZZING_BUILD_MODE_UNSAFE_FOR_PRODUCTION -fsanitize=address -fsanitize-address-use-after-scope -fsanitize=fuzzer-no-link -stdlib=libc++ -fno-sanitize=function,vptr -fno-exceptions -fno-threadsafe-statics -Wcast-align -fvisibility-inlines-hidden -MT libharfbuzz_fuzzing_la-hb-aat-layout.lo -MD -MP -MF .deps/libharfbuzz_fuzzing_la-hb-aat-layout.Tpo -c -o libharfbuzz_fuzzing_la-hb-aat-layout.lo `test -f 'hb-aat-layout.cc' || echo './'`hb-aat-layout.cc
libtool: compile:  clang++ -DHAVE_CONFIG_H -I. -I.. -pthread -I./hb-ucdn -DHB_NDEBUG -DHB_MAX_NESTING_LEVEL=3 -DHB_SANITIZE_MAX_EDITS=3 -DHB_SANITIZE_MAX_OPS_FACTOR=3 -DHB_SANITIZE_MAX_OPS_MIN=128 -DHB_BUFFER_MAX_LEN_FACTOR=3 -DHB_BUFFER_MAX_LEN_MIN=8 -DHB_BUFFER_MAX_LEN_DEFAULT=128 -DHB_BUFFER_MAX_OPS_FACTOR=8 -DHB_BUFFER_MAX_OPS_MIN=64 -DHB_BUFFER_MAX_OPS_DEFAULT=1024 -DHB_NO_VISIBILITY -fno-rtti -O1 -fno-omit-frame-pointer -gline-tables-only -DFUZZING_BUILD_MODE_UNSAFE_FOR_PRODUCTION -fsanitize=address -fsanitize-address-use-after-scope -fsanitize=fuzzer-no-link -stdlib=libc++ -fno-sanitize=function,vptr -fno-exceptions -fno-threadsafe-statics -Wcast-align -fvisibility-inlines-hidden -MT libharfbuzz_fuzzing_la-hb-aat-layout.lo -MD -MP -MF .deps/libharfbuzz_fuzzing_la-hb-aat-layout.Tpo -c hb-aat-layout.cc  -fPIC -DPIC -o .libs/libharfbuzz_fuzzing_la-hb-aat-layout.o
mv -f .deps/libharfbuzz_fuzzing_la-hb-aat-layout.Tpo .deps/libharfbuzz_fuzzing_la-hb-aat-layout.Plo
/bin/bash ../libtool  --tag=CXX   --mode=compile clang++ -DHAVE_CONFIG_H -I. -I..  -pthread       -I./hb-ucdn  -DHB_NDEBUG -DHB_MAX_NESTING_LEVEL=3 -DHB_SANITIZE_MAX_EDITS=3 -DHB_SANITIZE_MAX_OPS_FACTOR=3 -DHB_SANITIZE_MAX_OPS_MIN=128 -DHB_BUFFER_MAX_LEN_FACTOR=3 -DHB_BUFFER_MAX_LEN_MIN=8 -DHB_BUFFER_MAX_LEN_DEFAULT=128 -DHB_BUFFER_MAX_OPS_FACTOR=8 -DHB_BUFFER_MAX_OPS_MIN=64 -DHB_BUFFER_MAX_OPS_DEFAULT=1024  -DHB_NO_VISIBILITY  -fno-rtti -O1 -fno-omit-frame-pointer -gline-tables-only -DFUZZING_BUILD_MODE_UNSAFE_FOR_PRODUCTION -fsanitize=address -fsanitize-address-use-after-scope -fsanitize=fuzzer-no-link -stdlib=libc++ -fno-sanitize=function,vptr -fno-exceptions -fno-threadsafe-statics -Wcast-align -fvisibility-inlines-hidden -MT libharfbuzz_fuzzing_la-hb-ot-face.lo -MD -MP -MF .deps/libharfbuzz_fuzzing_la-hb-ot-face.Tpo -c -o libharfbuzz_fuzzing_la-hb-ot-face.lo `test -f 'hb-ot-face.cc' || echo './'`hb-ot-face.cc
libtool: compile:  clang++ -DHAVE_CONFIG_H -I. -I.. -pthread -I./hb-ucdn -DHB_NDEBUG -DHB_MAX_NESTING_LEVEL=3 -DHB_SANITIZE_MAX_EDITS=3 -DHB_SANITIZE_MAX_OPS_FACTOR=3 -DHB_SANITIZE_MAX_OPS_MIN=128 -DHB_BUFFER_MAX_LEN_FACTOR=3 -DHB_BUFFER_MAX_LEN_MIN=8 -DHB_BUFFER_MAX_LEN_DEFAULT=128 -DHB_BUFFER_MAX_OPS_FACTOR=8 -DHB_BUFFER_MAX_OPS_MIN=64 -DHB_BUFFER_MAX_OPS_DEFAULT=1024 -DHB_NO_VISIBILITY -fno-rtti -O1 -fno-omit-frame-pointer -gline-tables-only -DFUZZING_BUILD_MODE_UNSAFE_FOR_PRODUCTION -fsanitize=address -fsanitize-address-use-after-scope -fsanitize=fuzzer-no-link -stdlib=libc++ -fno-sanitize=function,vptr -fno-exceptions -fno-threadsafe-statics -Wcast-align -fvisibility-inlines-hidden -MT libharfbuzz_fuzzing_la-hb-ot-face.lo -MD -MP -MF .deps/libharfbuzz_fuzzing_la-hb-ot-face.Tpo -c hb-ot-face.cc  -fPIC -DPIC -o .libs/libharfbuzz_fuzzing_la-hb-ot-face.o
mv -f .deps/libharfbuzz_fuzzing_la-hb-ot-face.Tpo .deps/libharfbuzz_fuzzing_la-hb-ot-face.Plo
/bin/bash ../libtool  --tag=CXX   --mode=compile clang++ -DHAVE_CONFIG_H -I. -I..  -pthread       -I./hb-ucdn  -DHB_NDEBUG -DHB_MAX_NESTING_LEVEL=3 -DHB_SANITIZE_MAX_EDITS=3 -DHB_SANITIZE_MAX_OPS_FACTOR=3 -DHB_SANITIZE_MAX_OPS_MIN=128 -DHB_BUFFER_MAX_LEN_FACTOR=3 -DHB_BUFFER_MAX_LEN_MIN=8 -DHB_BUFFER_MAX_LEN_DEFAULT=128 -DHB_BUFFER_MAX_OPS_FACTOR=8 -DHB_BUFFER_MAX_OPS_MIN=64 -DHB_BUFFER_MAX_OPS_DEFAULT=1024  -DHB_NO_VISIBILITY  -fno-rtti -O1 -fno-omit-frame-pointer -gline-tables-only -DFUZZING_BUILD_MODE_UNSAFE_FOR_PRODUCTION -fsanitize=address -fsanitize-address-use-after-scope -fsanitize=fuzzer-no-link -stdlib=libc++ -fno-sanitize=function,vptr -fno-exceptions -fno-threadsafe-statics -Wcast-align -fvisibility-inlines-hidden -MT libharfbuzz_fuzzing_la-hb-ot-font.lo -MD -MP -MF .deps/libharfbuzz_fuzzing_la-hb-ot-font.Tpo -c -o libharfbuzz_fuzzing_la-hb-ot-font.lo `test -f 'hb-ot-font.cc' || echo './'`hb-ot-font.cc
libtool: compile:  clang++ -DHAVE_CONFIG_H -I. -I.. -pthread -I./hb-ucdn -DHB_NDEBUG -DHB_MAX_NESTING_LEVEL=3 -DHB_SANITIZE_MAX_EDITS=3 -DHB_SANITIZE_MAX_OPS_FACTOR=3 -DHB_SANITIZE_MAX_OPS_MIN=128 -DHB_BUFFER_MAX_LEN_FACTOR=3 -DHB_BUFFER_MAX_LEN_MIN=8 -DHB_BUFFER_MAX_LEN_DEFAULT=128 -DHB_BUFFER_MAX_OPS_FACTOR=8 -DHB_BUFFER_MAX_OPS_MIN=64 -DHB_BUFFER_MAX_OPS_DEFAULT=1024 -DHB_NO_VISIBILITY -fno-rtti -O1 -fno-omit-frame-pointer -gline-tables-only -DFUZZING_BUILD_MODE_UNSAFE_FOR_PRODUCTION -fsanitize=address -fsanitize-address-use-after-scope -fsanitize=fuzzer-no-link -stdlib=libc++ -fno-sanitize=function,vptr -fno-exceptions -fno-threadsafe-statics -Wcast-align -fvisibility-inlines-hidden -MT libharfbuzz_fuzzing_la-hb-ot-font.lo -MD -MP -MF .deps/libharfbuzz_fuzzing_la-hb-ot-font.Tpo -c hb-ot-font.cc  -fPIC -DPIC -o .libs/libharfbuzz_fuzzing_la-hb-ot-font.o
mv -f .deps/libharfbuzz_fuzzing_la-hb-ot-font.Tpo .deps/libharfbuzz_fuzzing_la-hb-ot-font.Plo
/bin/bash ../libtool  --tag=CXX   --mode=compile clang++ -DHAVE_CONFIG_H -I. -I..  -pthread       -I./hb-ucdn  -DHB_NDEBUG -DHB_MAX_NESTING_LEVEL=3 -DHB_SANITIZE_MAX_EDITS=3 -DHB_SANITIZE_MAX_OPS_FACTOR=3 -DHB_SANITIZE_MAX_OPS_MIN=128 -DHB_BUFFER_MAX_LEN_FACTOR=3 -DHB_BUFFER_MAX_LEN_MIN=8 -DHB_BUFFER_MAX_LEN_DEFAULT=128 -DHB_BUFFER_MAX_OPS_FACTOR=8 -DHB_BUFFER_MAX_OPS_MIN=64 -DHB_BUFFER_MAX_OPS_DEFAULT=1024  -DHB_NO_VISIBILITY  -fno-rtti -O1 -fno-omit-frame-pointer -gline-tables-only -DFUZZING_BUILD_MODE_UNSAFE_FOR_PRODUCTION -fsanitize=address -fsanitize-address-use-after-scope -fsanitize=fuzzer-no-link -stdlib=libc++ -fno-sanitize=function,vptr -fno-exceptions -fno-threadsafe-statics -Wcast-align -fvisibility-inlines-hidden -MT libharfbuzz_fuzzing_la-hb-ot-layout.lo -MD -MP -MF .deps/libharfbuzz_fuzzing_la-hb-ot-layout.Tpo -c -o libharfbuzz_fuzzing_la-hb-ot-layout.lo `test -f 'hb-ot-layout.cc' || echo './'`hb-ot-layout.cc
libtool: compile:  clang++ -DHAVE_CONFIG_H -I. -I.. -pthread -I./hb-ucdn -DHB_NDEBUG -DHB_MAX_NESTING_LEVEL=3 -DHB_SANITIZE_MAX_EDITS=3 -DHB_SANITIZE_MAX_OPS_FACTOR=3 -DHB_SANITIZE_MAX_OPS_MIN=128 -DHB_BUFFER_MAX_LEN_FACTOR=3 -DHB_BUFFER_MAX_LEN_MIN=8 -DHB_BUFFER_MAX_LEN_DEFAULT=128 -DHB_BUFFER_MAX_OPS_FACTOR=8 -DHB_BUFFER_MAX_OPS_MIN=64 -DHB_BUFFER_MAX_OPS_DEFAULT=1024 -DHB_NO_VISIBILITY -fno-rtti -O1 -fno-omit-frame-pointer -gline-tables-only -DFUZZING_BUILD_MODE_UNSAFE_FOR_PRODUCTION -fsanitize=address -fsanitize-address-use-after-scope -fsanitize=fuzzer-no-link -stdlib=libc++ -fno-sanitize=function,vptr -fno-exceptions -fno-threadsafe-statics -Wcast-align -fvisibility-inlines-hidden -MT libharfbuzz_fuzzing_la-hb-ot-layout.lo -MD -MP -MF .deps/libharfbuzz_fuzzing_la-hb-ot-layout.Tpo -c hb-ot-layout.cc  -fPIC -DPIC -o .libs/libharfbuzz_fuzzing_la-hb-ot-layout.o
mv -f .deps/libharfbuzz_fuzzing_la-hb-ot-layout.Tpo .deps/libharfbuzz_fuzzing_la-hb-ot-layout.Plo
/bin/bash ../libtool  --tag=CXX   --mode=compile clang++ -DHAVE_CONFIG_H -I. -I..  -pthread       -I./hb-ucdn  -DHB_NDEBUG -DHB_MAX_NESTING_LEVEL=3 -DHB_SANITIZE_MAX_EDITS=3 -DHB_SANITIZE_MAX_OPS_FACTOR=3 -DHB_SANITIZE_MAX_OPS_MIN=128 -DHB_BUFFER_MAX_LEN_FACTOR=3 -DHB_BUFFER_MAX_LEN_MIN=8 -DHB_BUFFER_MAX_LEN_DEFAULT=128 -DHB_BUFFER_MAX_OPS_FACTOR=8 -DHB_BUFFER_MAX_OPS_MIN=64 -DHB_BUFFER_MAX_OPS_DEFAULT=1024  -DHB_NO_VISIBILITY  -fno-rtti -O1 -fno-omit-frame-pointer -gline-tables-only -DFUZZING_BUILD_MODE_UNSAFE_FOR_PRODUCTION -fsanitize=address -fsanitize-address-use-after-scope -fsanitize=fuzzer-no-link -stdlib=libc++ -fno-sanitize=function,vptr -fno-exceptions -fno-threadsafe-statics -Wcast-align -fvisibility-inlines-hidden -MT libharfbuzz_fuzzing_la-hb-ot-color.lo -MD -MP -MF .deps/libharfbuzz_fuzzing_la-hb-ot-color.Tpo -c -o libharfbuzz_fuzzing_la-hb-ot-color.lo `test -f 'hb-ot-color.cc' || echo './'`hb-ot-color.cc
libtool: compile:  clang++ -DHAVE_CONFIG_H -I. -I.. -pthread -I./hb-ucdn -DHB_NDEBUG -DHB_MAX_NESTING_LEVEL=3 -DHB_SANITIZE_MAX_EDITS=3 -DHB_SANITIZE_MAX_OPS_FACTOR=3 -DHB_SANITIZE_MAX_OPS_MIN=128 -DHB_BUFFER_MAX_LEN_FACTOR=3 -DHB_BUFFER_MAX_LEN_MIN=8 -DHB_BUFFER_MAX_LEN_DEFAULT=128 -DHB_BUFFER_MAX_OPS_FACTOR=8 -DHB_BUFFER_MAX_OPS_MIN=64 -DHB_BUFFER_MAX_OPS_DEFAULT=1024 -DHB_NO_VISIBILITY -fno-rtti -O1 -fno-omit-frame-pointer -gline-tables-only -DFUZZING_BUILD_MODE_UNSAFE_FOR_PRODUCTION -fsanitize=address -fsanitize-address-use-after-scope -fsanitize=fuzzer-no-link -stdlib=libc++ -fno-sanitize=function,vptr -fno-exceptions -fno-threadsafe-statics -Wcast-align -fvisibility-inlines-hidden -MT libharfbuzz_fuzzing_la-hb-ot-color.lo -MD -MP -MF .deps/libharfbuzz_fuzzing_la-hb-ot-color.Tpo -c hb-ot-color.cc  -fPIC -DPIC -o .libs/libharfbuzz_fuzzing_la-hb-ot-color.o
mv -f .deps/libharfbuzz_fuzzing_la-hb-ot-color.Tpo .deps/libharfbuzz_fuzzing_la-hb-ot-color.Plo
/bin/bash ../libtool  --tag=CXX   --mode=compile clang++ -DHAVE_CONFIG_H -I. -I..  -pthread       -I./hb-ucdn  -DHB_NDEBUG -DHB_MAX_NESTING_LEVEL=3 -DHB_SANITIZE_MAX_EDITS=3 -DHB_SANITIZE_MAX_OPS_FACTOR=3 -DHB_SANITIZE_MAX_OPS_MIN=128 -DHB_BUFFER_MAX_LEN_FACTOR=3 -DHB_BUFFER_MAX_LEN_MIN=8 -DHB_BUFFER_MAX_LEN_DEFAULT=128 -DHB_BUFFER_MAX_OPS_FACTOR=8 -DHB_BUFFER_MAX_OPS_MIN=64 -DHB_BUFFER_MAX_OPS_DEFAULT=1024  -DHB_NO_VISIBILITY  -fno-rtti -O1 -fno-omit-frame-pointer -gline-tables-only -DFUZZING_BUILD_MODE_UNSAFE_FOR_PRODUCTION -fsanitize=address -fsanitize-address-use-after-scope -fsanitize=fuzzer-no-link -stdlib=libc++ -fno-sanitize=function,vptr -fno-exceptions -fno-threadsafe-statics -Wcast-align -fvisibility-inlines-hidden -MT libharfbuzz_fuzzing_la-hb-ot-map.lo -MD -MP -MF .deps/libharfbuzz_fuzzing_la-hb-ot-map.Tpo -c -o libharfbuzz_fuzzing_la-hb-ot-map.lo `test -f 'hb-ot-map.cc' || echo './'`hb-ot-map.cc
libtool: compile:  clang++ -DHAVE_CONFIG_H -I. -I.. -pthread -I./hb-ucdn -DHB_NDEBUG -DHB_MAX_NESTING_LEVEL=3 -DHB_SANITIZE_MAX_EDITS=3 -DHB_SANITIZE_MAX_OPS_FACTOR=3 -DHB_SANITIZE_MAX_OPS_MIN=128 -DHB_BUFFER_MAX_LEN_FACTOR=3 -DHB_BUFFER_MAX_LEN_MIN=8 -DHB_BUFFER_MAX_LEN_DEFAULT=128 -DHB_BUFFER_MAX_OPS_FACTOR=8 -DHB_BUFFER_MAX_OPS_MIN=64 -DHB_BUFFER_MAX_OPS_DEFAULT=1024 -DHB_NO_VISIBILITY -fno-rtti -O1 -fno-omit-frame-pointer -gline-tables-only -DFUZZING_BUILD_MODE_UNSAFE_FOR_PRODUCTION -fsanitize=address -fsanitize-address-use-after-scope -fsanitize=fuzzer-no-link -stdlib=libc++ -fno-sanitize=function,vptr -fno-exceptions -fno-threadsafe-statics -Wcast-align -fvisibility-inlines-hidden -MT libharfbuzz_fuzzing_la-hb-ot-map.lo -MD -MP -MF .deps/libharfbuzz_fuzzing_la-hb-ot-map.Tpo -c hb-ot-map.cc  -fPIC -DPIC -o .libs/libharfbuzz_fuzzing_la-hb-ot-map.o
mv -f .deps/libharfbuzz_fuzzing_la-hb-ot-map.Tpo .deps/libharfbuzz_fuzzing_la-hb-ot-map.Plo
/bin/bash ../libtool  --tag=CXX   --mode=compile clang++ -DHAVE_CONFIG_H -I. -I..  -pthread       -I./hb-ucdn  -DHB_NDEBUG -DHB_MAX_NESTING_LEVEL=3 -DHB_SANITIZE_MAX_EDITS=3 -DHB_SANITIZE_MAX_OPS_FACTOR=3 -DHB_SANITIZE_MAX_OPS_MIN=128 -DHB_BUFFER_MAX_LEN_FACTOR=3 -DHB_BUFFER_MAX_LEN_MIN=8 -DHB_BUFFER_MAX_LEN_DEFAULT=128 -DHB_BUFFER_MAX_OPS_FACTOR=8 -DHB_BUFFER_MAX_OPS_MIN=64 -DHB_BUFFER_MAX_OPS_DEFAULT=1024  -DHB_NO_VISIBILITY  -fno-rtti -O1 -fno-omit-frame-pointer -gline-tables-only -DFUZZING_BUILD_MODE_UNSAFE_FOR_PRODUCTION -fsanitize=address -fsanitize-address-use-after-scope -fsanitize=fuzzer-no-link -stdlib=libc++ -fno-sanitize=function,vptr -fno-exceptions -fno-threadsafe-statics -Wcast-align -fvisibility-inlines-hidden -MT libharfbuzz_fuzzing_la-hb-ot-math.lo -MD -MP -MF .deps/libharfbuzz_fuzzing_la-hb-ot-math.Tpo -c -o libharfbuzz_fuzzing_la-hb-ot-math.lo `test -f 'hb-ot-math.cc' || echo './'`hb-ot-math.cc
libtool: compile:  clang++ -DHAVE_CONFIG_H -I. -I.. -pthread -I./hb-ucdn -DHB_NDEBUG -DHB_MAX_NESTING_LEVEL=3 -DHB_SANITIZE_MAX_EDITS=3 -DHB_SANITIZE_MAX_OPS_FACTOR=3 -DHB_SANITIZE_MAX_OPS_MIN=128 -DHB_BUFFER_MAX_LEN_FACTOR=3 -DHB_BUFFER_MAX_LEN_MIN=8 -DHB_BUFFER_MAX_LEN_DEFAULT=128 -DHB_BUFFER_MAX_OPS_FACTOR=8 -DHB_BUFFER_MAX_OPS_MIN=64 -DHB_BUFFER_MAX_OPS_DEFAULT=1024 -DHB_NO_VISIBILITY -fno-rtti -O1 -fno-omit-frame-pointer -gline-tables-only -DFUZZING_BUILD_MODE_UNSAFE_FOR_PRODUCTION -fsanitize=address -fsanitize-address-use-after-scope -fsanitize=fuzzer-no-link -stdlib=libc++ -fno-sanitize=function,vptr -fno-exceptions -fno-threadsafe-statics -Wcast-align -fvisibility-inlines-hidden -MT libharfbuzz_fuzzing_la-hb-ot-math.lo -MD -MP -MF .deps/libharfbuzz_fuzzing_la-hb-ot-math.Tpo -c hb-ot-math.cc  -fPIC -DPIC -o .libs/libharfbuzz_fuzzing_la-hb-ot-math.o
mv -f .deps/libharfbuzz_fuzzing_la-hb-ot-math.Tpo .deps/libharfbuzz_fuzzing_la-hb-ot-math.Plo
/bin/bash ../libtool  --tag=CXX   --mode=compile clang++ -DHAVE_CONFIG_H -I. -I..  -pthread       -I./hb-ucdn  -DHB_NDEBUG -DHB_MAX_NESTING_LEVEL=3 -DHB_SANITIZE_MAX_EDITS=3 -DHB_SANITIZE_MAX_OPS_FACTOR=3 -DHB_SANITIZE_MAX_OPS_MIN=128 -DHB_BUFFER_MAX_LEN_FACTOR=3 -DHB_BUFFER_MAX_LEN_MIN=8 -DHB_BUFFER_MAX_LEN_DEFAULT=128 -DHB_BUFFER_MAX_OPS_FACTOR=8 -DHB_BUFFER_MAX_OPS_MIN=64 -DHB_BUFFER_MAX_OPS_DEFAULT=1024  -DHB_NO_VISIBILITY  -fno-rtti -O1 -fno-omit-frame-pointer -gline-tables-only -DFUZZING_BUILD_MODE_UNSAFE_FOR_PRODUCTION -fsanitize=address -fsanitize-address-use-after-scope -fsanitize=fuzzer-no-link -stdlib=libc++ -fno-sanitize=function,vptr -fno-exceptions -fno-threadsafe-statics -Wcast-align -fvisibility-inlines-hidden -MT libharfbuzz_fuzzing_la-hb-ot-shape.lo -MD -MP -MF .deps/libharfbuzz_fuzzing_la-hb-ot-shape.Tpo -c -o libharfbuzz_fuzzing_la-hb-ot-shape.lo `test -f 'hb-ot-shape.cc' || echo './'`hb-ot-shape.cc
libtool: compile:  clang++ -DHAVE_CONFIG_H -I. -I.. -pthread -I./hb-ucdn -DHB_NDEBUG -DHB_MAX_NESTING_LEVEL=3 -DHB_SANITIZE_MAX_EDITS=3 -DHB_SANITIZE_MAX_OPS_FACTOR=3 -DHB_SANITIZE_MAX_OPS_MIN=128 -DHB_BUFFER_MAX_LEN_FACTOR=3 -DHB_BUFFER_MAX_LEN_MIN=8 -DHB_BUFFER_MAX_LEN_DEFAULT=128 -DHB_BUFFER_MAX_OPS_FACTOR=8 -DHB_BUFFER_MAX_OPS_MIN=64 -DHB_BUFFER_MAX_OPS_DEFAULT=1024 -DHB_NO_VISIBILITY -fno-rtti -O1 -fno-omit-frame-pointer -gline-tables-only -DFUZZING_BUILD_MODE_UNSAFE_FOR_PRODUCTION -fsanitize=address -fsanitize-address-use-after-scope -fsanitize=fuzzer-no-link -stdlib=libc++ -fno-sanitize=function,vptr -fno-exceptions -fno-threadsafe-statics -Wcast-align -fvisibility-inlines-hidden -MT libharfbuzz_fuzzing_la-hb-ot-shape.lo -MD -MP -MF .deps/libharfbuzz_fuzzing_la-hb-ot-shape.Tpo -c hb-ot-shape.cc  -fPIC -DPIC -o .libs/libharfbuzz_fuzzing_la-hb-ot-shape.o
mv -f .deps/libharfbuzz_fuzzing_la-hb-ot-shape.Tpo .deps/libharfbuzz_fuzzing_la-hb-ot-shape.Plo
/bin/bash ../libtool  --tag=CXX   --mode=compile clang++ -DHAVE_CONFIG_H -I. -I..  -pthread       -I./hb-ucdn  -DHB_NDEBUG -DHB_MAX_NESTING_LEVEL=3 -DHB_SANITIZE_MAX_EDITS=3 -DHB_SANITIZE_MAX_OPS_FACTOR=3 -DHB_SANITIZE_MAX_OPS_MIN=128 -DHB_BUFFER_MAX_LEN_FACTOR=3 -DHB_BUFFER_MAX_LEN_MIN=8 -DHB_BUFFER_MAX_LEN_DEFAULT=128 -DHB_BUFFER_MAX_OPS_FACTOR=8 -DHB_BUFFER_MAX_OPS_MIN=64 -DHB_BUFFER_MAX_OPS_DEFAULT=1024  -DHB_NO_VISIBILITY  -fno-rtti -O1 -fno-omit-frame-pointer -gline-tables-only -DFUZZING_BUILD_MODE_UNSAFE_FOR_PRODUCTION -fsanitize=address -fsanitize-address-use-after-scope -fsanitize=fuzzer-no-link -stdlib=libc++ -fno-sanitize=function,vptr -fno-exceptions -fno-threadsafe-statics -Wcast-align -fvisibility-inlines-hidden -MT libharfbuzz_fuzzing_la-hb-ot-shape-complex-arabic.lo -MD -MP -MF .deps/libharfbuzz_fuzzing_la-hb-ot-shape-complex-arabic.Tpo -c -o libharfbuzz_fuzzing_la-hb-ot-shape-complex-arabic.lo `test -f 'hb-ot-shape-complex-arabic.cc' || echo './'`hb-ot-shape-complex-arabic.cc
libtool: compile:  clang++ -DHAVE_CONFIG_H -I. -I.. -pthread -I./hb-ucdn -DHB_NDEBUG -DHB_MAX_NESTING_LEVEL=3 -DHB_SANITIZE_MAX_EDITS=3 -DHB_SANITIZE_MAX_OPS_FACTOR=3 -DHB_SANITIZE_MAX_OPS_MIN=128 -DHB_BUFFER_MAX_LEN_FACTOR=3 -DHB_BUFFER_MAX_LEN_MIN=8 -DHB_BUFFER_MAX_LEN_DEFAULT=128 -DHB_BUFFER_MAX_OPS_FACTOR=8 -DHB_BUFFER_MAX_OPS_MIN=64 -DHB_BUFFER_MAX_OPS_DEFAULT=1024 -DHB_NO_VISIBILITY -fno-rtti -O1 -fno-omit-frame-pointer -gline-tables-only -DFUZZING_BUILD_MODE_UNSAFE_FOR_PRODUCTION -fsanitize=address -fsanitize-address-use-after-scope -fsanitize=fuzzer-no-link -stdlib=libc++ -fno-sanitize=function,vptr -fno-exceptions -fno-threadsafe-statics -Wcast-align -fvisibility-inlines-hidden -MT libharfbuzz_fuzzing_la-hb-ot-shape-complex-arabic.lo -MD -MP -MF .deps/libharfbuzz_fuzzing_la-hb-ot-shape-complex-arabic.Tpo -c hb-ot-shape-complex-arabic.cc  -fPIC -DPIC -o .libs/libharfbuzz_fuzzing_la-hb-ot-shape-complex-arabic.o
mv -f .deps/libharfbuzz_fuzzing_la-hb-ot-shape-complex-arabic.Tpo .deps/libharfbuzz_fuzzing_la-hb-ot-shape-complex-arabic.Plo
/bin/bash ../libtool  --tag=CXX   --mode=compile clang++ -DHAVE_CONFIG_H -I. -I..  -pthread       -I./hb-ucdn  -DHB_NDEBUG -DHB_MAX_NESTING_LEVEL=3 -DHB_SANITIZE_MAX_EDITS=3 -DHB_SANITIZE_MAX_OPS_FACTOR=3 -DHB_SANITIZE_MAX_OPS_MIN=128 -DHB_BUFFER_MAX_LEN_FACTOR=3 -DHB_BUFFER_MAX_LEN_MIN=8 -DHB_BUFFER_MAX_LEN_DEFAULT=128 -DHB_BUFFER_MAX_OPS_FACTOR=8 -DHB_BUFFER_MAX_OPS_MIN=64 -DHB_BUFFER_MAX_OPS_DEFAULT=1024  -DHB_NO_VISIBILITY  -fno-rtti -O1 -fno-omit-frame-pointer -gline-tables-only -DFUZZING_BUILD_MODE_UNSAFE_FOR_PRODUCTION -fsanitize=address -fsanitize-address-use-after-scope -fsanitize=fuzzer-no-link -stdlib=libc++ -fno-sanitize=function,vptr -fno-exceptions -fno-threadsafe-statics -Wcast-align -fvisibility-inlines-hidden -MT libharfbuzz_fuzzing_la-hb-ot-shape-complex-default.lo -MD -MP -MF .deps/libharfbuzz_fuzzing_la-hb-ot-shape-complex-default.Tpo -c -o libharfbuzz_fuzzing_la-hb-ot-shape-complex-default.lo `test -f 'hb-ot-shape-complex-default.cc' || echo './'`hb-ot-shape-complex-default.cc
libtool: compile:  clang++ -DHAVE_CONFIG_H -I. -I.. -pthread -I./hb-ucdn -DHB_NDEBUG -DHB_MAX_NESTING_LEVEL=3 -DHB_SANITIZE_MAX_EDITS=3 -DHB_SANITIZE_MAX_OPS_FACTOR=3 -DHB_SANITIZE_MAX_OPS_MIN=128 -DHB_BUFFER_MAX_LEN_FACTOR=3 -DHB_BUFFER_MAX_LEN_MIN=8 -DHB_BUFFER_MAX_LEN_DEFAULT=128 -DHB_BUFFER_MAX_OPS_FACTOR=8 -DHB_BUFFER_MAX_OPS_MIN=64 -DHB_BUFFER_MAX_OPS_DEFAULT=1024 -DHB_NO_VISIBILITY -fno-rtti -O1 -fno-omit-frame-pointer -gline-tables-only -DFUZZING_BUILD_MODE_UNSAFE_FOR_PRODUCTION -fsanitize=address -fsanitize-address-use-after-scope -fsanitize=fuzzer-no-link -stdlib=libc++ -fno-sanitize=function,vptr -fno-exceptions -fno-threadsafe-statics -Wcast-align -fvisibility-inlines-hidden -MT libharfbuzz_fuzzing_la-hb-ot-shape-complex-default.lo -MD -MP -MF .deps/libharfbuzz_fuzzing_la-hb-ot-shape-complex-default.Tpo -c hb-ot-shape-complex-default.cc  -fPIC -DPIC -o .libs/libharfbuzz_fuzzing_la-hb-ot-shape-complex-default.o
mv -f .deps/libharfbuzz_fuzzing_la-hb-ot-shape-complex-default.Tpo .deps/libharfbuzz_fuzzing_la-hb-ot-shape-complex-default.Plo
/bin/bash ../libtool  --tag=CXX   --mode=compile clang++ -DHAVE_CONFIG_H -I. -I..  -pthread       -I./hb-ucdn  -DHB_NDEBUG -DHB_MAX_NESTING_LEVEL=3 -DHB_SANITIZE_MAX_EDITS=3 -DHB_SANITIZE_MAX_OPS_FACTOR=3 -DHB_SANITIZE_MAX_OPS_MIN=128 -DHB_BUFFER_MAX_LEN_FACTOR=3 -DHB_BUFFER_MAX_LEN_MIN=8 -DHB_BUFFER_MAX_LEN_DEFAULT=128 -DHB_BUFFER_MAX_OPS_FACTOR=8 -DHB_BUFFER_MAX_OPS_MIN=64 -DHB_BUFFER_MAX_OPS_DEFAULT=1024  -DHB_NO_VISIBILITY  -fno-rtti -O1 -fno-omit-frame-pointer -gline-tables-only -DFUZZING_BUILD_MODE_UNSAFE_FOR_PRODUCTION -fsanitize=address -fsanitize-address-use-after-scope -fsanitize=fuzzer-no-link -stdlib=libc++ -fno-sanitize=function,vptr -fno-exceptions -fno-threadsafe-statics -Wcast-align -fvisibility-inlines-hidden -MT libharfbuzz_fuzzing_la-hb-ot-shape-complex-hangul.lo -MD -MP -MF .deps/libharfbuzz_fuzzing_la-hb-ot-shape-complex-hangul.Tpo -c -o libharfbuzz_fuzzing_la-hb-ot-shape-complex-hangul.lo `test -f 'hb-ot-shape-complex-hangul.cc' || echo './'`hb-ot-shape-complex-hangul.cc
libtool: compile:  clang++ -DHAVE_CONFIG_H -I. -I.. -pthread -I./hb-ucdn -DHB_NDEBUG -DHB_MAX_NESTING_LEVEL=3 -DHB_SANITIZE_MAX_EDITS=3 -DHB_SANITIZE_MAX_OPS_FACTOR=3 -DHB_SANITIZE_MAX_OPS_MIN=128 -DHB_BUFFER_MAX_LEN_FACTOR=3 -DHB_BUFFER_MAX_LEN_MIN=8 -DHB_BUFFER_MAX_LEN_DEFAULT=128 -DHB_BUFFER_MAX_OPS_FACTOR=8 -DHB_BUFFER_MAX_OPS_MIN=64 -DHB_BUFFER_MAX_OPS_DEFAULT=1024 -DHB_NO_VISIBILITY -fno-rtti -O1 -fno-omit-frame-pointer -gline-tables-only -DFUZZING_BUILD_MODE_UNSAFE_FOR_PRODUCTION -fsanitize=address -fsanitize-address-use-after-scope -fsanitize=fuzzer-no-link -stdlib=libc++ -fno-sanitize=function,vptr -fno-exceptions -fno-threadsafe-statics -Wcast-align -fvisibility-inlines-hidden -MT libharfbuzz_fuzzing_la-hb-ot-shape-complex-hangul.lo -MD -MP -MF .deps/libharfbuzz_fuzzing_la-hb-ot-shape-complex-hangul.Tpo -c hb-ot-shape-complex-hangul.cc  -fPIC -DPIC -o .libs/libharfbuzz_fuzzing_la-hb-ot-shape-complex-hangul.o
mv -f .deps/libharfbuzz_fuzzing_la-hb-ot-shape-complex-hangul.Tpo .deps/libharfbuzz_fuzzing_la-hb-ot-shape-complex-hangul.Plo
/bin/bash ../libtool  --tag=CXX   --mode=compile clang++ -DHAVE_CONFIG_H -I. -I..  -pthread       -I./hb-ucdn  -DHB_NDEBUG -DHB_MAX_NESTING_LEVEL=3 -DHB_SANITIZE_MAX_EDITS=3 -DHB_SANITIZE_MAX_OPS_FACTOR=3 -DHB_SANITIZE_MAX_OPS_MIN=128 -DHB_BUFFER_MAX_LEN_FACTOR=3 -DHB_BUFFER_MAX_LEN_MIN=8 -DHB_BUFFER_MAX_LEN_DEFAULT=128 -DHB_BUFFER_MAX_OPS_FACTOR=8 -DHB_BUFFER_MAX_OPS_MIN=64 -DHB_BUFFER_MAX_OPS_DEFAULT=1024  -DHB_NO_VISIBILITY  -fno-rtti -O1 -fno-omit-frame-pointer -gline-tables-only -DFUZZING_BUILD_MODE_UNSAFE_FOR_PRODUCTION -fsanitize=address -fsanitize-address-use-after-scope -fsanitize=fuzzer-no-link -stdlib=libc++ -fno-sanitize=function,vptr -fno-exceptions -fno-threadsafe-statics -Wcast-align -fvisibility-inlines-hidden -MT libharfbuzz_fuzzing_la-hb-ot-shape-complex-hebrew.lo -MD -MP -MF .deps/libharfbuzz_fuzzing_la-hb-ot-shape-complex-hebrew.Tpo -c -o libharfbuzz_fuzzing_la-hb-ot-shape-complex-hebrew.lo `test -f 'hb-ot-shape-complex-hebrew.cc' || echo './'`hb-ot-shape-complex-hebrew.cc
libtool: compile:  clang++ -DHAVE_CONFIG_H -I. -I.. -pthread -I./hb-ucdn -DHB_NDEBUG -DHB_MAX_NESTING_LEVEL=3 -DHB_SANITIZE_MAX_EDITS=3 -DHB_SANITIZE_MAX_OPS_FACTOR=3 -DHB_SANITIZE_MAX_OPS_MIN=128 -DHB_BUFFER_MAX_LEN_FACTOR=3 -DHB_BUFFER_MAX_LEN_MIN=8 -DHB_BUFFER_MAX_LEN_DEFAULT=128 -DHB_BUFFER_MAX_OPS_FACTOR=8 -DHB_BUFFER_MAX_OPS_MIN=64 -DHB_BUFFER_MAX_OPS_DEFAULT=1024 -DHB_NO_VISIBILITY -fno-rtti -O1 -fno-omit-frame-pointer -gline-tables-only -DFUZZING_BUILD_MODE_UNSAFE_FOR_PRODUCTION -fsanitize=address -fsanitize-address-use-after-scope -fsanitize=fuzzer-no-link -stdlib=libc++ -fno-sanitize=function,vptr -fno-exceptions -fno-threadsafe-statics -Wcast-align -fvisibility-inlines-hidden -MT libharfbuzz_fuzzing_la-hb-ot-shape-complex-hebrew.lo -MD -MP -MF .deps/libharfbuzz_fuzzing_la-hb-ot-shape-complex-hebrew.Tpo -c hb-ot-shape-complex-hebrew.cc  -fPIC -DPIC -o .libs/libharfbuzz_fuzzing_la-hb-ot-shape-complex-hebrew.o
mv -f .deps/libharfbuzz_fuzzing_la-hb-ot-shape-complex-hebrew.Tpo .deps/libharfbuzz_fuzzing_la-hb-ot-shape-complex-hebrew.Plo
/bin/bash ../libtool  --tag=CXX   --mode=compile clang++ -DHAVE_CONFIG_H -I. -I..  -pthread       -I./hb-ucdn  -DHB_NDEBUG -DHB_MAX_NESTING_LEVEL=3 -DHB_SANITIZE_MAX_EDITS=3 -DHB_SANITIZE_MAX_OPS_FACTOR=3 -DHB_SANITIZE_MAX_OPS_MIN=128 -DHB_BUFFER_MAX_LEN_FACTOR=3 -DHB_BUFFER_MAX_LEN_MIN=8 -DHB_BUFFER_MAX_LEN_DEFAULT=128 -DHB_BUFFER_MAX_OPS_FACTOR=8 -DHB_BUFFER_MAX_OPS_MIN=64 -DHB_BUFFER_MAX_OPS_DEFAULT=1024  -DHB_NO_VISIBILITY  -fno-rtti -O1 -fno-omit-frame-pointer -gline-tables-only -DFUZZING_BUILD_MODE_UNSAFE_FOR_PRODUCTION -fsanitize=address -fsanitize-address-use-after-scope -fsanitize=fuzzer-no-link -stdlib=libc++ -fno-sanitize=function,vptr -fno-exceptions -fno-threadsafe-statics -Wcast-align -fvisibility-inlines-hidden -MT libharfbuzz_fuzzing_la-hb-ot-shape-complex-indic.lo -MD -MP -MF .deps/libharfbuzz_fuzzing_la-hb-ot-shape-complex-indic.Tpo -c -o libharfbuzz_fuzzing_la-hb-ot-shape-complex-indic.lo `test -f 'hb-ot-shape-complex-indic.cc' || echo './'`hb-ot-shape-complex-indic.cc
libtool: compile:  clang++ -DHAVE_CONFIG_H -I. -I.. -pthread -I./hb-ucdn -DHB_NDEBUG -DHB_MAX_NESTING_LEVEL=3 -DHB_SANITIZE_MAX_EDITS=3 -DHB_SANITIZE_MAX_OPS_FACTOR=3 -DHB_SANITIZE_MAX_OPS_MIN=128 -DHB_BUFFER_MAX_LEN_FACTOR=3 -DHB_BUFFER_MAX_LEN_MIN=8 -DHB_BUFFER_MAX_LEN_DEFAULT=128 -DHB_BUFFER_MAX_OPS_FACTOR=8 -DHB_BUFFER_MAX_OPS_MIN=64 -DHB_BUFFER_MAX_OPS_DEFAULT=1024 -DHB_NO_VISIBILITY -fno-rtti -O1 -fno-omit-frame-pointer -gline-tables-only -DFUZZING_BUILD_MODE_UNSAFE_FOR_PRODUCTION -fsanitize=address -fsanitize-address-use-after-scope -fsanitize=fuzzer-no-link -stdlib=libc++ -fno-sanitize=function,vptr -fno-exceptions -fno-threadsafe-statics -Wcast-align -fvisibility-inlines-hidden -MT libharfbuzz_fuzzing_la-hb-ot-shape-complex-indic.lo -MD -MP -MF .deps/libharfbuzz_fuzzing_la-hb-ot-shape-complex-indic.Tpo -c hb-ot-shape-complex-indic.cc  -fPIC -DPIC -o .libs/libharfbuzz_fuzzing_la-hb-ot-shape-complex-indic.o
mv -f .deps/libharfbuzz_fuzzing_la-hb-ot-shape-complex-indic.Tpo .deps/libharfbuzz_fuzzing_la-hb-ot-shape-complex-indic.Plo
/bin/bash ../libtool  --tag=CXX   --mode=compile clang++ -DHAVE_CONFIG_H -I. -I..  -pthread       -I./hb-ucdn  -DHB_NDEBUG -DHB_MAX_NESTING_LEVEL=3 -DHB_SANITIZE_MAX_EDITS=3 -DHB_SANITIZE_MAX_OPS_FACTOR=3 -DHB_SANITIZE_MAX_OPS_MIN=128 -DHB_BUFFER_MAX_LEN_FACTOR=3 -DHB_BUFFER_MAX_LEN_MIN=8 -DHB_BUFFER_MAX_LEN_DEFAULT=128 -DHB_BUFFER_MAX_OPS_FACTOR=8 -DHB_BUFFER_MAX_OPS_MIN=64 -DHB_BUFFER_MAX_OPS_DEFAULT=1024  -DHB_NO_VISIBILITY  -fno-rtti -O1 -fno-omit-frame-pointer -gline-tables-only -DFUZZING_BUILD_MODE_UNSAFE_FOR_PRODUCTION -fsanitize=address -fsanitize-address-use-after-scope -fsanitize=fuzzer-no-link -stdlib=libc++ -fno-sanitize=function,vptr -fno-exceptions -fno-threadsafe-statics -Wcast-align -fvisibility-inlines-hidden -MT libharfbuzz_fuzzing_la-hb-ot-shape-complex-indic-table.lo -MD -MP -MF .deps/libharfbuzz_fuzzing_la-hb-ot-shape-complex-indic-table.Tpo -c -o libharfbuzz_fuzzing_la-hb-ot-shape-complex-indic-table.lo `test -f 'hb-ot-shape-complex-indic-table.cc' || echo './'`hb-ot-shape-complex-indic-table.cc
libtool: compile:  clang++ -DHAVE_CONFIG_H -I. -I.. -pthread -I./hb-ucdn -DHB_NDEBUG -DHB_MAX_NESTING_LEVEL=3 -DHB_SANITIZE_MAX_EDITS=3 -DHB_SANITIZE_MAX_OPS_FACTOR=3 -DHB_SANITIZE_MAX_OPS_MIN=128 -DHB_BUFFER_MAX_LEN_FACTOR=3 -DHB_BUFFER_MAX_LEN_MIN=8 -DHB_BUFFER_MAX_LEN_DEFAULT=128 -DHB_BUFFER_MAX_OPS_FACTOR=8 -DHB_BUFFER_MAX_OPS_MIN=64 -DHB_BUFFER_MAX_OPS_DEFAULT=1024 -DHB_NO_VISIBILITY -fno-rtti -O1 -fno-omit-frame-pointer -gline-tables-only -DFUZZING_BUILD_MODE_UNSAFE_FOR_PRODUCTION -fsanitize=address -fsanitize-address-use-after-scope -fsanitize=fuzzer-no-link -stdlib=libc++ -fno-sanitize=function,vptr -fno-exceptions -fno-threadsafe-statics -Wcast-align -fvisibility-inlines-hidden -MT libharfbuzz_fuzzing_la-hb-ot-shape-complex-indic-table.lo -MD -MP -MF .deps/libharfbuzz_fuzzing_la-hb-ot-shape-complex-indic-table.Tpo -c hb-ot-shape-complex-indic-table.cc  -fPIC -DPIC -o .libs/libharfbuzz_fuzzing_la-hb-ot-shape-complex-indic-table.o
mv -f .deps/libharfbuzz_fuzzing_la-hb-ot-shape-complex-indic-table.Tpo .deps/libharfbuzz_fuzzing_la-hb-ot-shape-complex-indic-table.Plo
/bin/bash ../libtool  --tag=CXX   --mode=compile clang++ -DHAVE_CONFIG_H -I. -I..  -pthread       -I./hb-ucdn  -DHB_NDEBUG -DHB_MAX_NESTING_LEVEL=3 -DHB_SANITIZE_MAX_EDITS=3 -DHB_SANITIZE_MAX_OPS_FACTOR=3 -DHB_SANITIZE_MAX_OPS_MIN=128 -DHB_BUFFER_MAX_LEN_FACTOR=3 -DHB_BUFFER_MAX_LEN_MIN=8 -DHB_BUFFER_MAX_LEN_DEFAULT=128 -DHB_BUFFER_MAX_OPS_FACTOR=8 -DHB_BUFFER_MAX_OPS_MIN=64 -DHB_BUFFER_MAX_OPS_DEFAULT=1024  -DHB_NO_VISIBILITY  -fno-rtti -O1 -fno-omit-frame-pointer -gline-tables-only -DFUZZING_BUILD_MODE_UNSAFE_FOR_PRODUCTION -fsanitize=address -fsanitize-address-use-after-scope -fsanitize=fuzzer-no-link -stdlib=libc++ -fno-sanitize=function,vptr -fno-exceptions -fno-threadsafe-statics -Wcast-align -fvisibility-inlines-hidden -MT libharfbuzz_fuzzing_la-hb-ot-shape-complex-khmer.lo -MD -MP -MF .deps/libharfbuzz_fuzzing_la-hb-ot-shape-complex-khmer.Tpo -c -o libharfbuzz_fuzzing_la-hb-ot-shape-complex-khmer.lo `test -f 'hb-ot-shape-complex-khmer.cc' || echo './'`hb-ot-shape-complex-khmer.cc
libtool: compile:  clang++ -DHAVE_CONFIG_H -I. -I.. -pthread -I./hb-ucdn -DHB_NDEBUG -DHB_MAX_NESTING_LEVEL=3 -DHB_SANITIZE_MAX_EDITS=3 -DHB_SANITIZE_MAX_OPS_FACTOR=3 -DHB_SANITIZE_MAX_OPS_MIN=128 -DHB_BUFFER_MAX_LEN_FACTOR=3 -DHB_BUFFER_MAX_LEN_MIN=8 -DHB_BUFFER_MAX_LEN_DEFAULT=128 -DHB_BUFFER_MAX_OPS_FACTOR=8 -DHB_BUFFER_MAX_OPS_MIN=64 -DHB_BUFFER_MAX_OPS_DEFAULT=1024 -DHB_NO_VISIBILITY -fno-rtti -O1 -fno-omit-frame-pointer -gline-tables-only -DFUZZING_BUILD_MODE_UNSAFE_FOR_PRODUCTION -fsanitize=address -fsanitize-address-use-after-scope -fsanitize=fuzzer-no-link -stdlib=libc++ -fno-sanitize=function,vptr -fno-exceptions -fno-threadsafe-statics -Wcast-align -fvisibility-inlines-hidden -MT libharfbuzz_fuzzing_la-hb-ot-shape-complex-khmer.lo -MD -MP -MF .deps/libharfbuzz_fuzzing_la-hb-ot-shape-complex-khmer.Tpo -c hb-ot-shape-complex-khmer.cc  -fPIC -DPIC -o .libs/libharfbuzz_fuzzing_la-hb-ot-shape-complex-khmer.o
mv -f .deps/libharfbuzz_fuzzing_la-hb-ot-shape-complex-khmer.Tpo .deps/libharfbuzz_fuzzing_la-hb-ot-shape-complex-khmer.Plo
/bin/bash ../libtool  --tag=CXX   --mode=compile clang++ -DHAVE_CONFIG_H -I. -I..  -pthread       -I./hb-ucdn  -DHB_NDEBUG -DHB_MAX_NESTING_LEVEL=3 -DHB_SANITIZE_MAX_EDITS=3 -DHB_SANITIZE_MAX_OPS_FACTOR=3 -DHB_SANITIZE_MAX_OPS_MIN=128 -DHB_BUFFER_MAX_LEN_FACTOR=3 -DHB_BUFFER_MAX_LEN_MIN=8 -DHB_BUFFER_MAX_LEN_DEFAULT=128 -DHB_BUFFER_MAX_OPS_FACTOR=8 -DHB_BUFFER_MAX_OPS_MIN=64 -DHB_BUFFER_MAX_OPS_DEFAULT=1024  -DHB_NO_VISIBILITY  -fno-rtti -O1 -fno-omit-frame-pointer -gline-tables-only -DFUZZING_BUILD_MODE_UNSAFE_FOR_PRODUCTION -fsanitize=address -fsanitize-address-use-after-scope -fsanitize=fuzzer-no-link -stdlib=libc++ -fno-sanitize=function,vptr -fno-exceptions -fno-threadsafe-statics -Wcast-align -fvisibility-inlines-hidden -MT libharfbuzz_fuzzing_la-hb-ot-shape-complex-myanmar.lo -MD -MP -MF .deps/libharfbuzz_fuzzing_la-hb-ot-shape-complex-myanmar.Tpo -c -o libharfbuzz_fuzzing_la-hb-ot-shape-complex-myanmar.lo `test -f 'hb-ot-shape-complex-myanmar.cc' || echo './'`hb-ot-shape-complex-myanmar.cc
libtool: compile:  clang++ -DHAVE_CONFIG_H -I. -I.. -pthread -I./hb-ucdn -DHB_NDEBUG -DHB_MAX_NESTING_LEVEL=3 -DHB_SANITIZE_MAX_EDITS=3 -DHB_SANITIZE_MAX_OPS_FACTOR=3 -DHB_SANITIZE_MAX_OPS_MIN=128 -DHB_BUFFER_MAX_LEN_FACTOR=3 -DHB_BUFFER_MAX_LEN_MIN=8 -DHB_BUFFER_MAX_LEN_DEFAULT=128 -DHB_BUFFER_MAX_OPS_FACTOR=8 -DHB_BUFFER_MAX_OPS_MIN=64 -DHB_BUFFER_MAX_OPS_DEFAULT=1024 -DHB_NO_VISIBILITY -fno-rtti -O1 -fno-omit-frame-pointer -gline-tables-only -DFUZZING_BUILD_MODE_UNSAFE_FOR_PRODUCTION -fsanitize=address -fsanitize-address-use-after-scope -fsanitize=fuzzer-no-link -stdlib=libc++ -fno-sanitize=function,vptr -fno-exceptions -fno-threadsafe-statics -Wcast-align -fvisibility-inlines-hidden -MT libharfbuzz_fuzzing_la-hb-ot-shape-complex-myanmar.lo -MD -MP -MF .deps/libharfbuzz_fuzzing_la-hb-ot-shape-complex-myanmar.Tpo -c hb-ot-shape-complex-myanmar.cc  -fPIC -DPIC -o .libs/libharfbuzz_fuzzing_la-hb-ot-shape-complex-myanmar.o
mv -f .deps/libharfbuzz_fuzzing_la-hb-ot-shape-complex-myanmar.Tpo .deps/libharfbuzz_fuzzing_la-hb-ot-shape-complex-myanmar.Plo
/bin/bash ../libtool  --tag=CXX   --mode=compile clang++ -DHAVE_CONFIG_H -I. -I..  -pthread       -I./hb-ucdn  -DHB_NDEBUG -DHB_MAX_NESTING_LEVEL=3 -DHB_SANITIZE_MAX_EDITS=3 -DHB_SANITIZE_MAX_OPS_FACTOR=3 -DHB_SANITIZE_MAX_OPS_MIN=128 -DHB_BUFFER_MAX_LEN_FACTOR=3 -DHB_BUFFER_MAX_LEN_MIN=8 -DHB_BUFFER_MAX_LEN_DEFAULT=128 -DHB_BUFFER_MAX_OPS_FACTOR=8 -DHB_BUFFER_MAX_OPS_MIN=64 -DHB_BUFFER_MAX_OPS_DEFAULT=1024  -DHB_NO_VISIBILITY  -fno-rtti -O1 -fno-omit-frame-pointer -gline-tables-only -DFUZZING_BUILD_MODE_UNSAFE_FOR_PRODUCTION -fsanitize=address -fsanitize-address-use-after-scope -fsanitize=fuzzer-no-link -stdlib=libc++ -fno-sanitize=function,vptr -fno-exceptions -fno-threadsafe-statics -Wcast-align -fvisibility-inlines-hidden -MT libharfbuzz_fuzzing_la-hb-ot-shape-complex-thai.lo -MD -MP -MF .deps/libharfbuzz_fuzzing_la-hb-ot-shape-complex-thai.Tpo -c -o libharfbuzz_fuzzing_la-hb-ot-shape-complex-thai.lo `test -f 'hb-ot-shape-complex-thai.cc' || echo './'`hb-ot-shape-complex-thai.cc
libtool: compile:  clang++ -DHAVE_CONFIG_H -I. -I.. -pthread -I./hb-ucdn -DHB_NDEBUG -DHB_MAX_NESTING_LEVEL=3 -DHB_SANITIZE_MAX_EDITS=3 -DHB_SANITIZE_MAX_OPS_FACTOR=3 -DHB_SANITIZE_MAX_OPS_MIN=128 -DHB_BUFFER_MAX_LEN_FACTOR=3 -DHB_BUFFER_MAX_LEN_MIN=8 -DHB_BUFFER_MAX_LEN_DEFAULT=128 -DHB_BUFFER_MAX_OPS_FACTOR=8 -DHB_BUFFER_MAX_OPS_MIN=64 -DHB_BUFFER_MAX_OPS_DEFAULT=1024 -DHB_NO_VISIBILITY -fno-rtti -O1 -fno-omit-frame-pointer -gline-tables-only -DFUZZING_BUILD_MODE_UNSAFE_FOR_PRODUCTION -fsanitize=address -fsanitize-address-use-after-scope -fsanitize=fuzzer-no-link -stdlib=libc++ -fno-sanitize=function,vptr -fno-exceptions -fno-threadsafe-statics -Wcast-align -fvisibility-inlines-hidden -MT libharfbuzz_fuzzing_la-hb-ot-shape-complex-thai.lo -MD -MP -MF .deps/libharfbuzz_fuzzing_la-hb-ot-shape-complex-thai.Tpo -c hb-ot-shape-complex-thai.cc  -fPIC -DPIC -o .libs/libharfbuzz_fuzzing_la-hb-ot-shape-complex-thai.o
mv -f .deps/libharfbuzz_fuzzing_la-hb-ot-shape-complex-thai.Tpo .deps/libharfbuzz_fuzzing_la-hb-ot-shape-complex-thai.Plo
/bin/bash ../libtool  --tag=CXX   --mode=compile clang++ -DHAVE_CONFIG_H -I. -I..  -pthread       -I./hb-ucdn  -DHB_NDEBUG -DHB_MAX_NESTING_LEVEL=3 -DHB_SANITIZE_MAX_EDITS=3 -DHB_SANITIZE_MAX_OPS_FACTOR=3 -DHB_SANITIZE_MAX_OPS_MIN=128 -DHB_BUFFER_MAX_LEN_FACTOR=3 -DHB_BUFFER_MAX_LEN_MIN=8 -DHB_BUFFER_MAX_LEN_DEFAULT=128 -DHB_BUFFER_MAX_OPS_FACTOR=8 -DHB_BUFFER_MAX_OPS_MIN=64 -DHB_BUFFER_MAX_OPS_DEFAULT=1024  -DHB_NO_VISIBILITY  -fno-rtti -O1 -fno-omit-frame-pointer -gline-tables-only -DFUZZING_BUILD_MODE_UNSAFE_FOR_PRODUCTION -fsanitize=address -fsanitize-address-use-after-scope -fsanitize=fuzzer-no-link -stdlib=libc++ -fno-sanitize=function,vptr -fno-exceptions -fno-threadsafe-statics -Wcast-align -fvisibility-inlines-hidden -MT libharfbuzz_fuzzing_la-hb-ot-shape-complex-use.lo -MD -MP -MF .deps/libharfbuzz_fuzzing_la-hb-ot-shape-complex-use.Tpo -c -o libharfbuzz_fuzzing_la-hb-ot-shape-complex-use.lo `test -f 'hb-ot-shape-complex-use.cc' || echo './'`hb-ot-shape-complex-use.cc
libtool: compile:  clang++ -DHAVE_CONFIG_H -I. -I.. -pthread -I./hb-ucdn -DHB_NDEBUG -DHB_MAX_NESTING_LEVEL=3 -DHB_SANITIZE_MAX_EDITS=3 -DHB_SANITIZE_MAX_OPS_FACTOR=3 -DHB_SANITIZE_MAX_OPS_MIN=128 -DHB_BUFFER_MAX_LEN_FACTOR=3 -DHB_BUFFER_MAX_LEN_MIN=8 -DHB_BUFFER_MAX_LEN_DEFAULT=128 -DHB_BUFFER_MAX_OPS_FACTOR=8 -DHB_BUFFER_MAX_OPS_MIN=64 -DHB_BUFFER_MAX_OPS_DEFAULT=1024 -DHB_NO_VISIBILITY -fno-rtti -O1 -fno-omit-frame-pointer -gline-tables-only -DFUZZING_BUILD_MODE_UNSAFE_FOR_PRODUCTION -fsanitize=address -fsanitize-address-use-after-scope -fsanitize=fuzzer-no-link -stdlib=libc++ -fno-sanitize=function,vptr -fno-exceptions -fno-threadsafe-statics -Wcast-align -fvisibility-inlines-hidden -MT libharfbuzz_fuzzing_la-hb-ot-shape-complex-use.lo -MD -MP -MF .deps/libharfbuzz_fuzzing_la-hb-ot-shape-complex-use.Tpo -c hb-ot-shape-complex-use.cc  -fPIC -DPIC -o .libs/libharfbuzz_fuzzing_la-hb-ot-shape-complex-use.o
mv -f .deps/libharfbuzz_fuzzing_la-hb-ot-shape-complex-use.Tpo .deps/libharfbuzz_fuzzing_la-hb-ot-shape-complex-use.Plo
/bin/bash ../libtool  --tag=CXX   --mode=compile clang++ -DHAVE_CONFIG_H -I. -I..  -pthread       -I./hb-ucdn  -DHB_NDEBUG -DHB_MAX_NESTING_LEVEL=3 -DHB_SANITIZE_MAX_EDITS=3 -DHB_SANITIZE_MAX_OPS_FACTOR=3 -DHB_SANITIZE_MAX_OPS_MIN=128 -DHB_BUFFER_MAX_LEN_FACTOR=3 -DHB_BUFFER_MAX_LEN_MIN=8 -DHB_BUFFER_MAX_LEN_DEFAULT=128 -DHB_BUFFER_MAX_OPS_FACTOR=8 -DHB_BUFFER_MAX_OPS_MIN=64 -DHB_BUFFER_MAX_OPS_DEFAULT=1024  -DHB_NO_VISIBILITY  -fno-rtti -O1 -fno-omit-frame-pointer -gline-tables-only -DFUZZING_BUILD_MODE_UNSAFE_FOR_PRODUCTION -fsanitize=address -fsanitize-address-use-after-scope -fsanitize=fuzzer-no-link -stdlib=libc++ -fno-sanitize=function,vptr -fno-exceptions -fno-threadsafe-statics -Wcast-align -fvisibility-inlines-hidden -MT libharfbuzz_fuzzing_la-hb-ot-shape-complex-use-table.lo -MD -MP -MF .deps/libharfbuzz_fuzzing_la-hb-ot-shape-complex-use-table.Tpo -c -o libharfbuzz_fuzzing_la-hb-ot-shape-complex-use-table.lo `test -f 'hb-ot-shape-complex-use-table.cc' || echo './'`hb-ot-shape-complex-use-table.cc
libtool: compile:  clang++ -DHAVE_CONFIG_H -I. -I.. -pthread -I./hb-ucdn -DHB_NDEBUG -DHB_MAX_NESTING_LEVEL=3 -DHB_SANITIZE_MAX_EDITS=3 -DHB_SANITIZE_MAX_OPS_FACTOR=3 -DHB_SANITIZE_MAX_OPS_MIN=128 -DHB_BUFFER_MAX_LEN_FACTOR=3 -DHB_BUFFER_MAX_LEN_MIN=8 -DHB_BUFFER_MAX_LEN_DEFAULT=128 -DHB_BUFFER_MAX_OPS_FACTOR=8 -DHB_BUFFER_MAX_OPS_MIN=64 -DHB_BUFFER_MAX_OPS_DEFAULT=1024 -DHB_NO_VISIBILITY -fno-rtti -O1 -fno-omit-frame-pointer -gline-tables-only -DFUZZING_BUILD_MODE_UNSAFE_FOR_PRODUCTION -fsanitize=address -fsanitize-address-use-after-scope -fsanitize=fuzzer-no-link -stdlib=libc++ -fno-sanitize=function,vptr -fno-exceptions -fno-threadsafe-statics -Wcast-align -fvisibility-inlines-hidden -MT libharfbuzz_fuzzing_la-hb-ot-shape-complex-use-table.lo -MD -MP -MF .deps/libharfbuzz_fuzzing_la-hb-ot-shape-complex-use-table.Tpo -c hb-ot-shape-complex-use-table.cc  -fPIC -DPIC -o .libs/libharfbuzz_fuzzing_la-hb-ot-shape-complex-use-table.o
mv -f .deps/libharfbuzz_fuzzing_la-hb-ot-shape-complex-use-table.Tpo .deps/libharfbuzz_fuzzing_la-hb-ot-shape-complex-use-table.Plo
/bin/bash ../libtool  --tag=CXX   --mode=compile clang++ -DHAVE_CONFIG_H -I. -I..  -pthread       -I./hb-ucdn  -DHB_NDEBUG -DHB_MAX_NESTING_LEVEL=3 -DHB_SANITIZE_MAX_EDITS=3 -DHB_SANITIZE_MAX_OPS_FACTOR=3 -DHB_SANITIZE_MAX_OPS_MIN=128 -DHB_BUFFER_MAX_LEN_FACTOR=3 -DHB_BUFFER_MAX_LEN_MIN=8 -DHB_BUFFER_MAX_LEN_DEFAULT=128 -DHB_BUFFER_MAX_OPS_FACTOR=8 -DHB_BUFFER_MAX_OPS_MIN=64 -DHB_BUFFER_MAX_OPS_DEFAULT=1024  -DHB_NO_VISIBILITY  -fno-rtti -O1 -fno-omit-frame-pointer -gline-tables-only -DFUZZING_BUILD_MODE_UNSAFE_FOR_PRODUCTION -fsanitize=address -fsanitize-address-use-after-scope -fsanitize=fuzzer-no-link -stdlib=libc++ -fno-sanitize=function,vptr -fno-exceptions -fno-threadsafe-statics -Wcast-align -fvisibility-inlines-hidden -MT libharfbuzz_fuzzing_la-hb-ot-shape-normalize.lo -MD -MP -MF .deps/libharfbuzz_fuzzing_la-hb-ot-shape-normalize.Tpo -c -o libharfbuzz_fuzzing_la-hb-ot-shape-normalize.lo `test -f 'hb-ot-shape-normalize.cc' || echo './'`hb-ot-shape-normalize.cc
libtool: compile:  clang++ -DHAVE_CONFIG_H -I. -I.. -pthread -I./hb-ucdn -DHB_NDEBUG -DHB_MAX_NESTING_LEVEL=3 -DHB_SANITIZE_MAX_EDITS=3 -DHB_SANITIZE_MAX_OPS_FACTOR=3 -DHB_SANITIZE_MAX_OPS_MIN=128 -DHB_BUFFER_MAX_LEN_FACTOR=3 -DHB_BUFFER_MAX_LEN_MIN=8 -DHB_BUFFER_MAX_LEN_DEFAULT=128 -DHB_BUFFER_MAX_OPS_FACTOR=8 -DHB_BUFFER_MAX_OPS_MIN=64 -DHB_BUFFER_MAX_OPS_DEFAULT=1024 -DHB_NO_VISIBILITY -fno-rtti -O1 -fno-omit-frame-pointer -gline-tables-only -DFUZZING_BUILD_MODE_UNSAFE_FOR_PRODUCTION -fsanitize=address -fsanitize-address-use-after-scope -fsanitize=fuzzer-no-link -stdlib=libc++ -fno-sanitize=function,vptr -fno-exceptions -fno-threadsafe-statics -Wcast-align -fvisibility-inlines-hidden -MT libharfbuzz_fuzzing_la-hb-ot-shape-normalize.lo -MD -MP -MF .deps/libharfbuzz_fuzzing_la-hb-ot-shape-normalize.Tpo -c hb-ot-shape-normalize.cc  -fPIC -DPIC -o .libs/libharfbuzz_fuzzing_la-hb-ot-shape-normalize.o
mv -f .deps/libharfbuzz_fuzzing_la-hb-ot-shape-normalize.Tpo .deps/libharfbuzz_fuzzing_la-hb-ot-shape-normalize.Plo
/bin/bash ../libtool  --tag=CXX   --mode=compile clang++ -DHAVE_CONFIG_H -I. -I..  -pthread       -I./hb-ucdn  -DHB_NDEBUG -DHB_MAX_NESTING_LEVEL=3 -DHB_SANITIZE_MAX_EDITS=3 -DHB_SANITIZE_MAX_OPS_FACTOR=3 -DHB_SANITIZE_MAX_OPS_MIN=128 -DHB_BUFFER_MAX_LEN_FACTOR=3 -DHB_BUFFER_MAX_LEN_MIN=8 -DHB_BUFFER_MAX_LEN_DEFAULT=128 -DHB_BUFFER_MAX_OPS_FACTOR=8 -DHB_BUFFER_MAX_OPS_MIN=64 -DHB_BUFFER_MAX_OPS_DEFAULT=1024  -DHB_NO_VISIBILITY  -fno-rtti -O1 -fno-omit-frame-pointer -gline-tables-only -DFUZZING_BUILD_MODE_UNSAFE_FOR_PRODUCTION -fsanitize=address -fsanitize-address-use-after-scope -fsanitize=fuzzer-no-link -stdlib=libc++ -fno-sanitize=function,vptr -fno-exceptions -fno-threadsafe-statics -Wcast-align -fvisibility-inlines-hidden -MT libharfbuzz_fuzzing_la-hb-ot-shape-fallback.lo -MD -MP -MF .deps/libharfbuzz_fuzzing_la-hb-ot-shape-fallback.Tpo -c -o libharfbuzz_fuzzing_la-hb-ot-shape-fallback.lo `test -f 'hb-ot-shape-fallback.cc' || echo './'`hb-ot-shape-fallback.cc
libtool: compile:  clang++ -DHAVE_CONFIG_H -I. -I.. -pthread -I./hb-ucdn -DHB_NDEBUG -DHB_MAX_NESTING_LEVEL=3 -DHB_SANITIZE_MAX_EDITS=3 -DHB_SANITIZE_MAX_OPS_FACTOR=3 -DHB_SANITIZE_MAX_OPS_MIN=128 -DHB_BUFFER_MAX_LEN_FACTOR=3 -DHB_BUFFER_MAX_LEN_MIN=8 -DHB_BUFFER_MAX_LEN_DEFAULT=128 -DHB_BUFFER_MAX_OPS_FACTOR=8 -DHB_BUFFER_MAX_OPS_MIN=64 -DHB_BUFFER_MAX_OPS_DEFAULT=1024 -DHB_NO_VISIBILITY -fno-rtti -O1 -fno-omit-frame-pointer -gline-tables-only -DFUZZING_BUILD_MODE_UNSAFE_FOR_PRODUCTION -fsanitize=address -fsanitize-address-use-after-scope -fsanitize=fuzzer-no-link -stdlib=libc++ -fno-sanitize=function,vptr -fno-exceptions -fno-threadsafe-statics -Wcast-align -fvisibility-inlines-hidden -MT libharfbuzz_fuzzing_la-hb-ot-shape-fallback.lo -MD -MP -MF .deps/libharfbuzz_fuzzing_la-hb-ot-shape-fallback.Tpo -c hb-ot-shape-fallback.cc  -fPIC -DPIC -o .libs/libharfbuzz_fuzzing_la-hb-ot-shape-fallback.o
mv -f .deps/libharfbuzz_fuzzing_la-hb-ot-shape-fallback.Tpo .deps/libharfbuzz_fuzzing_la-hb-ot-shape-fallback.Plo
/bin/bash ../libtool  --tag=CXX   --mode=compile clang++ -DHAVE_CONFIG_H -I. -I..  -pthread       -I./hb-ucdn  -DHB_NDEBUG -DHB_MAX_NESTING_LEVEL=3 -DHB_SANITIZE_MAX_EDITS=3 -DHB_SANITIZE_MAX_OPS_FACTOR=3 -DHB_SANITIZE_MAX_OPS_MIN=128 -DHB_BUFFER_MAX_LEN_FACTOR=3 -DHB_BUFFER_MAX_LEN_MIN=8 -DHB_BUFFER_MAX_LEN_DEFAULT=128 -DHB_BUFFER_MAX_OPS_FACTOR=8 -DHB_BUFFER_MAX_OPS_MIN=64 -DHB_BUFFER_MAX_OPS_DEFAULT=1024  -DHB_NO_VISIBILITY  -fno-rtti -O1 -fno-omit-frame-pointer -gline-tables-only -DFUZZING_BUILD_MODE_UNSAFE_FOR_PRODUCTION -fsanitize=address -fsanitize-address-use-after-scope -fsanitize=fuzzer-no-link -stdlib=libc++ -fno-sanitize=function,vptr -fno-exceptions -fno-threadsafe-statics -Wcast-align -fvisibility-inlines-hidden -MT libharfbuzz_fuzzing_la-hb-ot-var.lo -MD -MP -MF .deps/libharfbuzz_fuzzing_la-hb-ot-var.Tpo -c -o libharfbuzz_fuzzing_la-hb-ot-var.lo `test -f 'hb-ot-var.cc' || echo './'`hb-ot-var.cc
libtool: compile:  clang++ -DHAVE_CONFIG_H -I. -I.. -pthread -I./hb-ucdn -DHB_NDEBUG -DHB_MAX_NESTING_LEVEL=3 -DHB_SANITIZE_MAX_EDITS=3 -DHB_SANITIZE_MAX_OPS_FACTOR=3 -DHB_SANITIZE_MAX_OPS_MIN=128 -DHB_BUFFER_MAX_LEN_FACTOR=3 -DHB_BUFFER_MAX_LEN_MIN=8 -DHB_BUFFER_MAX_LEN_DEFAULT=128 -DHB_BUFFER_MAX_OPS_FACTOR=8 -DHB_BUFFER_MAX_OPS_MIN=64 -DHB_BUFFER_MAX_OPS_DEFAULT=1024 -DHB_NO_VISIBILITY -fno-rtti -O1 -fno-omit-frame-pointer -gline-tables-only -DFUZZING_BUILD_MODE_UNSAFE_FOR_PRODUCTION -fsanitize=address -fsanitize-address-use-after-scope -fsanitize=fuzzer-no-link -stdlib=libc++ -fno-sanitize=function,vptr -fno-exceptions -fno-threadsafe-statics -Wcast-align -fvisibility-inlines-hidden -MT libharfbuzz_fuzzing_la-hb-ot-var.lo -MD -MP -MF .deps/libharfbuzz_fuzzing_la-hb-ot-var.Tpo -c hb-ot-var.cc  -fPIC -DPIC -o .libs/libharfbuzz_fuzzing_la-hb-ot-var.o
mv -f .deps/libharfbuzz_fuzzing_la-hb-ot-var.Tpo .deps/libharfbuzz_fuzzing_la-hb-ot-var.Plo
/bin/bash ../libtool  --tag=CXX   --mode=compile clang++ -DHAVE_CONFIG_H -I. -I..  -pthread       -I./hb-ucdn  -DHB_NDEBUG -DHB_MAX_NESTING_LEVEL=3 -DHB_SANITIZE_MAX_EDITS=3 -DHB_SANITIZE_MAX_OPS_FACTOR=3 -DHB_SANITIZE_MAX_OPS_MIN=128 -DHB_BUFFER_MAX_LEN_FACTOR=3 -DHB_BUFFER_MAX_LEN_MIN=8 -DHB_BUFFER_MAX_LEN_DEFAULT=128 -DHB_BUFFER_MAX_OPS_FACTOR=8 -DHB_BUFFER_MAX_OPS_MIN=64 -DHB_BUFFER_MAX_OPS_DEFAULT=1024  -DHB_NO_VISIBILITY  -fno-rtti -O1 -fno-omit-frame-pointer -gline-tables-only -DFUZZING_BUILD_MODE_UNSAFE_FOR_PRODUCTION -fsanitize=address -fsanitize-address-use-after-scope -fsanitize=fuzzer-no-link -stdlib=libc++ -fno-sanitize=function,vptr -fno-exceptions -fno-threadsafe-statics -Wcast-align -fvisibility-inlines-hidden -MT libharfbuzz_fuzzing_la-hb-fallback-shape.lo -MD -MP -MF .deps/libharfbuzz_fuzzing_la-hb-fallback-shape.Tpo -c -o libharfbuzz_fuzzing_la-hb-fallback-shape.lo `test -f 'hb-fallback-shape.cc' || echo './'`hb-fallback-shape.cc
libtool: compile:  clang++ -DHAVE_CONFIG_H -I. -I.. -pthread -I./hb-ucdn -DHB_NDEBUG -DHB_MAX_NESTING_LEVEL=3 -DHB_SANITIZE_MAX_EDITS=3 -DHB_SANITIZE_MAX_OPS_FACTOR=3 -DHB_SANITIZE_MAX_OPS_MIN=128 -DHB_BUFFER_MAX_LEN_FACTOR=3 -DHB_BUFFER_MAX_LEN_MIN=8 -DHB_BUFFER_MAX_LEN_DEFAULT=128 -DHB_BUFFER_MAX_OPS_FACTOR=8 -DHB_BUFFER_MAX_OPS_MIN=64 -DHB_BUFFER_MAX_OPS_DEFAULT=1024 -DHB_NO_VISIBILITY -fno-rtti -O1 -fno-omit-frame-pointer -gline-tables-only -DFUZZING_BUILD_MODE_UNSAFE_FOR_PRODUCTION -fsanitize=address -fsanitize-address-use-after-scope -fsanitize=fuzzer-no-link -stdlib=libc++ -fno-sanitize=function,vptr -fno-exceptions -fno-threadsafe-statics -Wcast-align -fvisibility-inlines-hidden -MT libharfbuzz_fuzzing_la-hb-fallback-shape.lo -MD -MP -MF .deps/libharfbuzz_fuzzing_la-hb-fallback-shape.Tpo -c hb-fallback-shape.cc  -fPIC -DPIC -o .libs/libharfbuzz_fuzzing_la-hb-fallback-shape.o
mv -f .deps/libharfbuzz_fuzzing_la-hb-fallback-shape.Tpo .deps/libharfbuzz_fuzzing_la-hb-fallback-shape.Plo
/bin/bash ../libtool  --tag=CXX   --mode=compile clang++ -DHAVE_CONFIG_H -I. -I..  -pthread       -I./hb-ucdn  -DHB_NDEBUG -DHB_MAX_NESTING_LEVEL=3 -DHB_SANITIZE_MAX_EDITS=3 -DHB_SANITIZE_MAX_OPS_FACTOR=3 -DHB_SANITIZE_MAX_OPS_MIN=128 -DHB_BUFFER_MAX_LEN_FACTOR=3 -DHB_BUFFER_MAX_LEN_MIN=8 -DHB_BUFFER_MAX_LEN_DEFAULT=128 -DHB_BUFFER_MAX_OPS_FACTOR=8 -DHB_BUFFER_MAX_OPS_MIN=64 -DHB_BUFFER_MAX_OPS_DEFAULT=1024  -DHB_NO_VISIBILITY  -fno-rtti -O1 -fno-omit-frame-pointer -gline-tables-only -DFUZZING_BUILD_MODE_UNSAFE_FOR_PRODUCTION -fsanitize=address -fsanitize-address-use-after-scope -fsanitize=fuzzer-no-link -stdlib=libc++ -fno-sanitize=function,vptr -fno-exceptions -fno-threadsafe-statics -Wcast-align -fvisibility-inlines-hidden -MT libharfbuzz_fuzzing_la-hb-ucdn.lo -MD -MP -MF .deps/libharfbuzz_fuzzing_la-hb-ucdn.Tpo -c -o libharfbuzz_fuzzing_la-hb-ucdn.lo `test -f 'hb-ucdn.cc' || echo './'`hb-ucdn.cc
libtool: compile:  clang++ -DHAVE_CONFIG_H -I. -I.. -pthread -I./hb-ucdn -DHB_NDEBUG -DHB_MAX_NESTING_LEVEL=3 -DHB_SANITIZE_MAX_EDITS=3 -DHB_SANITIZE_MAX_OPS_FACTOR=3 -DHB_SANITIZE_MAX_OPS_MIN=128 -DHB_BUFFER_MAX_LEN_FACTOR=3 -DHB_BUFFER_MAX_LEN_MIN=8 -DHB_BUFFER_MAX_LEN_DEFAULT=128 -DHB_BUFFER_MAX_OPS_FACTOR=8 -DHB_BUFFER_MAX_OPS_MIN=64 -DHB_BUFFER_MAX_OPS_DEFAULT=1024 -DHB_NO_VISIBILITY -fno-rtti -O1 -fno-omit-frame-pointer -gline-tables-only -DFUZZING_BUILD_MODE_UNSAFE_FOR_PRODUCTION -fsanitize=address -fsanitize-address-use-after-scope -fsanitize=fuzzer-no-link -stdlib=libc++ -fno-sanitize=function,vptr -fno-exceptions -fno-threadsafe-statics -Wcast-align -fvisibility-inlines-hidden -MT libharfbuzz_fuzzing_la-hb-ucdn.lo -MD -MP -MF .deps/libharfbuzz_fuzzing_la-hb-ucdn.Tpo -c hb-ucdn.cc  -fPIC -DPIC -o .libs/libharfbuzz_fuzzing_la-hb-ucdn.o
mv -f .deps/libharfbuzz_fuzzing_la-hb-ucdn.Tpo .deps/libharfbuzz_fuzzing_la-hb-ucdn.Plo
make[1]: Entering directory '/src/harfbuzz/src/hb-ucdn'
make[1]: Leaving directory '/src/harfbuzz/src/hb-ucdn'
/bin/bash ../libtool  --tag=CC   --mode=link clang  -O1 -fno-omit-frame-pointer -gline-tables-only -DFUZZING_BUILD_MODE_UNSAFE_FOR_PRODUCTION -fsanitize=address -fsanitize-address-use-after-scope -fsanitize=fuzzer-no-link -fno-sanitize=function,vptr  -Bsymbolic-functions -o libharfbuzz-fuzzing.la   libharfbuzz_fuzzing_la-hb-blob.lo libharfbuzz_fuzzing_la-hb-buffer-serialize.lo libharfbuzz_fuzzing_la-hb-buffer.lo libharfbuzz_fuzzing_la-hb-common.lo libharfbuzz_fuzzing_la-hb-face.lo libharfbuzz_fuzzing_la-hb-font.lo libharfbuzz_fuzzing_la-hb-map.lo libharfbuzz_fuzzing_la-hb-ot-tag.lo libharfbuzz_fuzzing_la-hb-set.lo libharfbuzz_fuzzing_la-hb-shape.lo libharfbuzz_fuzzing_la-hb-shape-plan.lo libharfbuzz_fuzzing_la-hb-shaper.lo libharfbuzz_fuzzing_la-hb-static.lo libharfbuzz_fuzzing_la-hb-unicode.lo libharfbuzz_fuzzing_la-hb-warning.lo   libharfbuzz_fuzzing_la-hb-aat-layout.lo libharfbuzz_fuzzing_la-hb-ot-face.lo libharfbuzz_fuzzing_la-hb-ot-font.lo libharfbuzz_fuzzing_la-hb-ot-layout.lo libharfbuzz_fuzzing_la-hb-ot-color.lo libharfbuzz_fuzzing_la-hb-ot-map.lo libharfbuzz_fuzzing_la-hb-ot-math.lo libharfbuzz_fuzzing_la-hb-ot-shape.lo libharfbuzz_fuzzing_la-hb-ot-shape-complex-arabic.lo libharfbuzz_fuzzing_la-hb-ot-shape-complex-default.lo libharfbuzz_fuzzing_la-hb-ot-shape-complex-hangul.lo libharfbuzz_fuzzing_la-hb-ot-shape-complex-hebrew.lo libharfbuzz_fuzzing_la-hb-ot-shape-complex-indic.lo libharfbuzz_fuzzing_la-hb-ot-shape-complex-indic-table.lo libharfbuzz_fuzzing_la-hb-ot-shape-complex-khmer.lo libharfbuzz_fuzzing_la-hb-ot-shape-complex-myanmar.lo libharfbuzz_fuzzing_la-hb-ot-shape-complex-thai.lo libharfbuzz_fuzzing_la-hb-ot-shape-complex-use.lo libharfbuzz_fuzzing_la-hb-ot-shape-complex-use-table.lo libharfbuzz_fuzzing_la-hb-ot-shape-normalize.lo libharfbuzz_fuzzing_la-hb-ot-shape-fallback.lo libharfbuzz_fuzzing_la-hb-ot-var.lo   libharfbuzz_fuzzing_la-hb-fallback-shape.lo        libharfbuzz_fuzzing_la-hb-ucdn.lo              hb-ucdn/libhb-ucdn.la      
libtool: link: (cd .libs/libharfbuzz-fuzzing.lax/libhb-ucdn.a && ar x "/src/harfbuzz/src/hb-ucdn/.libs/libhb-ucdn.a")
libtool: link: ar cru .libs/libharfbuzz-fuzzing.a .libs/libharfbuzz_fuzzing_la-hb-blob.o .libs/libharfbuzz_fuzzing_la-hb-buffer-serialize.o .libs/libharfbuzz_fuzzing_la-hb-buffer.o .libs/libharfbuzz_fuzzing_la-hb-common.o .libs/libharfbuzz_fuzzing_la-hb-face.o .libs/libharfbuzz_fuzzing_la-hb-font.o .libs/libharfbuzz_fuzzing_la-hb-map.o .libs/libharfbuzz_fuzzing_la-hb-ot-tag.o .libs/libharfbuzz_fuzzing_la-hb-set.o .libs/libharfbuzz_fuzzing_la-hb-shape.o .libs/libharfbuzz_fuzzing_la-hb-shape-plan.o .libs/libharfbuzz_fuzzing_la-hb-shaper.o .libs/libharfbuzz_fuzzing_la-hb-static.o .libs/libharfbuzz_fuzzing_la-hb-unicode.o .libs/libharfbuzz_fuzzing_la-hb-warning.o .libs/libharfbuzz_fuzzing_la-hb-aat-layout.o .libs/libharfbuzz_fuzzing_la-hb-ot-face.o .libs/libharfbuzz_fuzzing_la-hb-ot-font.o .libs/libharfbuzz_fuzzing_la-hb-ot-layout.o .libs/libharfbuzz_fuzzing_la-hb-ot-color.o .libs/libharfbuzz_fuzzing_la-hb-ot-map.o .libs/libharfbuzz_fuzzing_la-hb-ot-math.o .libs/libharfbuzz_fuzzing_la-hb-ot-shape.o .libs/libharfbuzz_fuzzing_la-hb-ot-shape-complex-arabic.o .libs/libharfbuzz_fuzzing_la-hb-ot-shape-complex-default.o .libs/libharfbuzz_fuzzing_la-hb-ot-shape-complex-hangul.o .libs/libharfbuzz_fuzzing_la-hb-ot-shape-complex-hebrew.o .libs/libharfbuzz_fuzzing_la-hb-ot-shape-complex-indic.o .libs/libharfbuzz_fuzzing_la-hb-ot-shape-complex-indic-table.o .libs/libharfbuzz_fuzzing_la-hb-ot-shape-complex-khmer.o .libs/libharfbuzz_fuzzing_la-hb-ot-shape-complex-myanmar.o .libs/libharfbuzz_fuzzing_la-hb-ot-shape-complex-thai.o .libs/libharfbuzz_fuzzing_la-hb-ot-shape-complex-use.o .libs/libharfbuzz_fuzzing_la-hb-ot-shape-complex-use-table.o .libs/libharfbuzz_fuzzing_la-hb-ot-shape-normalize.o .libs/libharfbuzz_fuzzing_la-hb-ot-shape-fallback.o .libs/libharfbuzz_fuzzing_la-hb-ot-var.o .libs/libharfbuzz_fuzzing_la-hb-fallback-shape.o .libs/libharfbuzz_fuzzing_la-hb-ucdn.o   .libs/libharfbuzz-fuzzing.lax/libhb-ucdn.a/libhb_ucdn_la-ucdn.o 
ar: `u' modifier ignored since `D' is the default (see `U')
libtool: link: ranlib .libs/libharfbuzz-fuzzing.a
libtool: link: rm -fr .libs/libharfbuzz-fuzzing.lax
libtool: link: ( cd ".libs" && rm -f "libharfbuzz-fuzzing.la" && ln -s "../libharfbuzz-fuzzing.la" "libharfbuzz-fuzzing.la" )
/bin/bash ../libtool  --tag=CXX   --mode=compile clang++ -DHAVE_CONFIG_H -I. -I..  -pthread       -I./hb-ucdn  -DHB_NDEBUG -DHB_MAX_NESTING_LEVEL=3 -DHB_SANITIZE_MAX_EDITS=3 -DHB_SANITIZE_MAX_OPS_FACTOR=3 -DHB_SANITIZE_MAX_OPS_MIN=128 -DHB_BUFFER_MAX_LEN_FACTOR=3 -DHB_BUFFER_MAX_LEN_MIN=8 -DHB_BUFFER_MAX_LEN_DEFAULT=128 -DHB_BUFFER_MAX_OPS_FACTOR=8 -DHB_BUFFER_MAX_OPS_MIN=64 -DHB_BUFFER_MAX_OPS_DEFAULT=1024  -DHB_NO_VISIBILITY  -fno-rtti -O1 -fno-omit-frame-pointer -gline-tables-only -DFUZZING_BUILD_MODE_UNSAFE_FOR_PRODUCTION -fsanitize=address -fsanitize-address-use-after-scope -fsanitize=fuzzer-no-link -stdlib=libc++ -fno-sanitize=function,vptr -fno-exceptions -fno-threadsafe-statics -Wcast-align -fvisibility-inlines-hidden -MT libharfbuzz_subset_fuzzing_la-hb-static.lo -MD -MP -MF .deps/libharfbuzz_subset_fuzzing_la-hb-static.Tpo -c -o libharfbuzz_subset_fuzzing_la-hb-static.lo `test -f 'hb-static.cc' || echo './'`hb-static.cc
libtool: compile:  clang++ -DHAVE_CONFIG_H -I. -I.. -pthread -I./hb-ucdn -DHB_NDEBUG -DHB_MAX_NESTING_LEVEL=3 -DHB_SANITIZE_MAX_EDITS=3 -DHB_SANITIZE_MAX_OPS_FACTOR=3 -DHB_SANITIZE_MAX_OPS_MIN=128 -DHB_BUFFER_MAX_LEN_FACTOR=3 -DHB_BUFFER_MAX_LEN_MIN=8 -DHB_BUFFER_MAX_LEN_DEFAULT=128 -DHB_BUFFER_MAX_OPS_FACTOR=8 -DHB_BUFFER_MAX_OPS_MIN=64 -DHB_BUFFER_MAX_OPS_DEFAULT=1024 -DHB_NO_VISIBILITY -fno-rtti -O1 -fno-omit-frame-pointer -gline-tables-only -DFUZZING_BUILD_MODE_UNSAFE_FOR_PRODUCTION -fsanitize=address -fsanitize-address-use-after-scope -fsanitize=fuzzer-no-link -stdlib=libc++ -fno-sanitize=function,vptr -fno-exceptions -fno-threadsafe-statics -Wcast-align -fvisibility-inlines-hidden -MT libharfbuzz_subset_fuzzing_la-hb-static.lo -MD -MP -MF .deps/libharfbuzz_subset_fuzzing_la-hb-static.Tpo -c hb-static.cc  -fPIC -DPIC -o .libs/libharfbuzz_subset_fuzzing_la-hb-static.o
mv -f .deps/libharfbuzz_subset_fuzzing_la-hb-static.Tpo .deps/libharfbuzz_subset_fuzzing_la-hb-static.Plo
/bin/bash ../libtool  --tag=CXX   --mode=compile clang++ -DHAVE_CONFIG_H -I. -I..  -pthread       -I./hb-ucdn  -DHB_NDEBUG -DHB_MAX_NESTING_LEVEL=3 -DHB_SANITIZE_MAX_EDITS=3 -DHB_SANITIZE_MAX_OPS_FACTOR=3 -DHB_SANITIZE_MAX_OPS_MIN=128 -DHB_BUFFER_MAX_LEN_FACTOR=3 -DHB_BUFFER_MAX_LEN_MIN=8 -DHB_BUFFER_MAX_LEN_DEFAULT=128 -DHB_BUFFER_MAX_OPS_FACTOR=8 -DHB_BUFFER_MAX_OPS_MIN=64 -DHB_BUFFER_MAX_OPS_DEFAULT=1024  -DHB_NO_VISIBILITY  -fno-rtti -O1 -fno-omit-frame-pointer -gline-tables-only -DFUZZING_BUILD_MODE_UNSAFE_FOR_PRODUCTION -fsanitize=address -fsanitize-address-use-after-scope -fsanitize=fuzzer-no-link -stdlib=libc++ -fno-sanitize=function,vptr -fno-exceptions -fno-threadsafe-statics -Wcast-align -fvisibility-inlines-hidden -MT libharfbuzz_subset_fuzzing_la-hb-subset.lo -MD -MP -MF .deps/libharfbuzz_subset_fuzzing_la-hb-subset.Tpo -c -o libharfbuzz_subset_fuzzing_la-hb-subset.lo `test -f 'hb-subset.cc' || echo './'`hb-subset.cc
libtool: compile:  clang++ -DHAVE_CONFIG_H -I. -I.. -pthread -I./hb-ucdn -DHB_NDEBUG -DHB_MAX_NESTING_LEVEL=3 -DHB_SANITIZE_MAX_EDITS=3 -DHB_SANITIZE_MAX_OPS_FACTOR=3 -DHB_SANITIZE_MAX_OPS_MIN=128 -DHB_BUFFER_MAX_LEN_FACTOR=3 -DHB_BUFFER_MAX_LEN_MIN=8 -DHB_BUFFER_MAX_LEN_DEFAULT=128 -DHB_BUFFER_MAX_OPS_FACTOR=8 -DHB_BUFFER_MAX_OPS_MIN=64 -DHB_BUFFER_MAX_OPS_DEFAULT=1024 -DHB_NO_VISIBILITY -fno-rtti -O1 -fno-omit-frame-pointer -gline-tables-only -DFUZZING_BUILD_MODE_UNSAFE_FOR_PRODUCTION -fsanitize=address -fsanitize-address-use-after-scope -fsanitize=fuzzer-no-link -stdlib=libc++ -fno-sanitize=function,vptr -fno-exceptions -fno-threadsafe-statics -Wcast-align -fvisibility-inlines-hidden -MT libharfbuzz_subset_fuzzing_la-hb-subset.lo -MD -MP -MF .deps/libharfbuzz_subset_fuzzing_la-hb-subset.Tpo -c hb-subset.cc  -fPIC -DPIC -o .libs/libharfbuzz_subset_fuzzing_la-hb-subset.o
mv -f .deps/libharfbuzz_subset_fuzzing_la-hb-subset.Tpo .deps/libharfbuzz_subset_fuzzing_la-hb-subset.Plo
/bin/bash ../libtool  --tag=CXX   --mode=compile clang++ -DHAVE_CONFIG_H -I. -I..  -pthread       -I./hb-ucdn  -DHB_NDEBUG -DHB_MAX_NESTING_LEVEL=3 -DHB_SANITIZE_MAX_EDITS=3 -DHB_SANITIZE_MAX_OPS_FACTOR=3 -DHB_SANITIZE_MAX_OPS_MIN=128 -DHB_BUFFER_MAX_LEN_FACTOR=3 -DHB_BUFFER_MAX_LEN_MIN=8 -DHB_BUFFER_MAX_LEN_DEFAULT=128 -DHB_BUFFER_MAX_OPS_FACTOR=8 -DHB_BUFFER_MAX_OPS_MIN=64 -DHB_BUFFER_MAX_OPS_DEFAULT=1024  -DHB_NO_VISIBILITY  -fno-rtti -O1 -fno-omit-frame-pointer -gline-tables-only -DFUZZING_BUILD_MODE_UNSAFE_FOR_PRODUCTION -fsanitize=address -fsanitize-address-use-after-scope -fsanitize=fuzzer-no-link -stdlib=libc++ -fno-sanitize=function,vptr -fno-exceptions -fno-threadsafe-statics -Wcast-align -fvisibility-inlines-hidden -MT libharfbuzz_subset_fuzzing_la-hb-subset-glyf.lo -MD -MP -MF .deps/libharfbuzz_subset_fuzzing_la-hb-subset-glyf.Tpo -c -o libharfbuzz_subset_fuzzing_la-hb-subset-glyf.lo `test -f 'hb-subset-glyf.cc' || echo './'`hb-subset-glyf.cc
libtool: compile:  clang++ -DHAVE_CONFIG_H -I. -I.. -pthread -I./hb-ucdn -DHB_NDEBUG -DHB_MAX_NESTING_LEVEL=3 -DHB_SANITIZE_MAX_EDITS=3 -DHB_SANITIZE_MAX_OPS_FACTOR=3 -DHB_SANITIZE_MAX_OPS_MIN=128 -DHB_BUFFER_MAX_LEN_FACTOR=3 -DHB_BUFFER_MAX_LEN_MIN=8 -DHB_BUFFER_MAX_LEN_DEFAULT=128 -DHB_BUFFER_MAX_OPS_FACTOR=8 -DHB_BUFFER_MAX_OPS_MIN=64 -DHB_BUFFER_MAX_OPS_DEFAULT=1024 -DHB_NO_VISIBILITY -fno-rtti -O1 -fno-omit-frame-pointer -gline-tables-only -DFUZZING_BUILD_MODE_UNSAFE_FOR_PRODUCTION -fsanitize=address -fsanitize-address-use-after-scope -fsanitize=fuzzer-no-link -stdlib=libc++ -fno-sanitize=function,vptr -fno-exceptions -fno-threadsafe-statics -Wcast-align -fvisibility-inlines-hidden -MT libharfbuzz_subset_fuzzing_la-hb-subset-glyf.lo -MD -MP -MF .deps/libharfbuzz_subset_fuzzing_la-hb-subset-glyf.Tpo -c hb-subset-glyf.cc  -fPIC -DPIC -o .libs/libharfbuzz_subset_fuzzing_la-hb-subset-glyf.o
mv -f .deps/libharfbuzz_subset_fuzzing_la-hb-subset-glyf.Tpo .deps/libharfbuzz_subset_fuzzing_la-hb-subset-glyf.Plo
/bin/bash ../libtool  --tag=CXX   --mode=compile clang++ -DHAVE_CONFIG_H -I. -I..  -pthread       -I./hb-ucdn  -DHB_NDEBUG -DHB_MAX_NESTING_LEVEL=3 -DHB_SANITIZE_MAX_EDITS=3 -DHB_SANITIZE_MAX_OPS_FACTOR=3 -DHB_SANITIZE_MAX_OPS_MIN=128 -DHB_BUFFER_MAX_LEN_FACTOR=3 -DHB_BUFFER_MAX_LEN_MIN=8 -DHB_BUFFER_MAX_LEN_DEFAULT=128 -DHB_BUFFER_MAX_OPS_FACTOR=8 -DHB_BUFFER_MAX_OPS_MIN=64 -DHB_BUFFER_MAX_OPS_DEFAULT=1024  -DHB_NO_VISIBILITY  -fno-rtti -O1 -fno-omit-frame-pointer -gline-tables-only -DFUZZING_BUILD_MODE_UNSAFE_FOR_PRODUCTION -fsanitize=address -fsanitize-address-use-after-scope -fsanitize=fuzzer-no-link -stdlib=libc++ -fno-sanitize=function,vptr -fno-exceptions -fno-threadsafe-statics -Wcast-align -fvisibility-inlines-hidden -MT libharfbuzz_subset_fuzzing_la-hb-subset-input.lo -MD -MP -MF .deps/libharfbuzz_subset_fuzzing_la-hb-subset-input.Tpo -c -o libharfbuzz_subset_fuzzing_la-hb-subset-input.lo `test -f 'hb-subset-input.cc' || echo './'`hb-subset-input.cc
libtool: compile:  clang++ -DHAVE_CONFIG_H -I. -I.. -pthread -I./hb-ucdn -DHB_NDEBUG -DHB_MAX_NESTING_LEVEL=3 -DHB_SANITIZE_MAX_EDITS=3 -DHB_SANITIZE_MAX_OPS_FACTOR=3 -DHB_SANITIZE_MAX_OPS_MIN=128 -DHB_BUFFER_MAX_LEN_FACTOR=3 -DHB_BUFFER_MAX_LEN_MIN=8 -DHB_BUFFER_MAX_LEN_DEFAULT=128 -DHB_BUFFER_MAX_OPS_FACTOR=8 -DHB_BUFFER_MAX_OPS_MIN=64 -DHB_BUFFER_MAX_OPS_DEFAULT=1024 -DHB_NO_VISIBILITY -fno-rtti -O1 -fno-omit-frame-pointer -gline-tables-only -DFUZZING_BUILD_MODE_UNSAFE_FOR_PRODUCTION -fsanitize=address -fsanitize-address-use-after-scope -fsanitize=fuzzer-no-link -stdlib=libc++ -fno-sanitize=function,vptr -fno-exceptions -fno-threadsafe-statics -Wcast-align -fvisibility-inlines-hidden -MT libharfbuzz_subset_fuzzing_la-hb-subset-input.lo -MD -MP -MF .deps/libharfbuzz_subset_fuzzing_la-hb-subset-input.Tpo -c hb-subset-input.cc  -fPIC -DPIC -o .libs/libharfbuzz_subset_fuzzing_la-hb-subset-input.o
mv -f .deps/libharfbuzz_subset_fuzzing_la-hb-subset-input.Tpo .deps/libharfbuzz_subset_fuzzing_la-hb-subset-input.Plo
/bin/bash ../libtool  --tag=CXX   --mode=compile clang++ -DHAVE_CONFIG_H -I. -I..  -pthread       -I./hb-ucdn  -DHB_NDEBUG -DHB_MAX_NESTING_LEVEL=3 -DHB_SANITIZE_MAX_EDITS=3 -DHB_SANITIZE_MAX_OPS_FACTOR=3 -DHB_SANITIZE_MAX_OPS_MIN=128 -DHB_BUFFER_MAX_LEN_FACTOR=3 -DHB_BUFFER_MAX_LEN_MIN=8 -DHB_BUFFER_MAX_LEN_DEFAULT=128 -DHB_BUFFER_MAX_OPS_FACTOR=8 -DHB_BUFFER_MAX_OPS_MIN=64 -DHB_BUFFER_MAX_OPS_DEFAULT=1024  -DHB_NO_VISIBILITY  -fno-rtti -O1 -fno-omit-frame-pointer -gline-tables-only -DFUZZING_BUILD_MODE_UNSAFE_FOR_PRODUCTION -fsanitize=address -fsanitize-address-use-after-scope -fsanitize=fuzzer-no-link -stdlib=libc++ -fno-sanitize=function,vptr -fno-exceptions -fno-threadsafe-statics -Wcast-align -fvisibility-inlines-hidden -MT libharfbuzz_subset_fuzzing_la-hb-subset-plan.lo -MD -MP -MF .deps/libharfbuzz_subset_fuzzing_la-hb-subset-plan.Tpo -c -o libharfbuzz_subset_fuzzing_la-hb-subset-plan.lo `test -f 'hb-subset-plan.cc' || echo './'`hb-subset-plan.cc
libtool: compile:  clang++ -DHAVE_CONFIG_H -I. -I.. -pthread -I./hb-ucdn -DHB_NDEBUG -DHB_MAX_NESTING_LEVEL=3 -DHB_SANITIZE_MAX_EDITS=3 -DHB_SANITIZE_MAX_OPS_FACTOR=3 -DHB_SANITIZE_MAX_OPS_MIN=128 -DHB_BUFFER_MAX_LEN_FACTOR=3 -DHB_BUFFER_MAX_LEN_MIN=8 -DHB_BUFFER_MAX_LEN_DEFAULT=128 -DHB_BUFFER_MAX_OPS_FACTOR=8 -DHB_BUFFER_MAX_OPS_MIN=64 -DHB_BUFFER_MAX_OPS_DEFAULT=1024 -DHB_NO_VISIBILITY -fno-rtti -O1 -fno-omit-frame-pointer -gline-tables-only -DFUZZING_BUILD_MODE_UNSAFE_FOR_PRODUCTION -fsanitize=address -fsanitize-address-use-after-scope -fsanitize=fuzzer-no-link -stdlib=libc++ -fno-sanitize=function,vptr -fno-exceptions -fno-threadsafe-statics -Wcast-align -fvisibility-inlines-hidden -MT libharfbuzz_subset_fuzzing_la-hb-subset-plan.lo -MD -MP -MF .deps/libharfbuzz_subset_fuzzing_la-hb-subset-plan.Tpo -c hb-subset-plan.cc  -fPIC -DPIC -o .libs/libharfbuzz_subset_fuzzing_la-hb-subset-plan.o
mv -f .deps/libharfbuzz_subset_fuzzing_la-hb-subset-plan.Tpo .deps/libharfbuzz_subset_fuzzing_la-hb-subset-plan.Plo
/bin/bash ../libtool  --tag=CC   --mode=link clang  -O1 -fno-omit-frame-pointer -gline-tables-only -DFUZZING_BUILD_MODE_UNSAFE_FOR_PRODUCTION -fsanitize=address -fsanitize-address-use-after-scope -fsanitize=fuzzer-no-link -fno-sanitize=function,vptr  -Bsymbolic-functions -o libharfbuzz-subset-fuzzing.la   libharfbuzz_subset_fuzzing_la-hb-static.lo libharfbuzz_subset_fuzzing_la-hb-subset.lo libharfbuzz_subset_fuzzing_la-hb-subset-glyf.lo libharfbuzz_subset_fuzzing_la-hb-subset-input.lo libharfbuzz_subset_fuzzing_la-hb-subset-plan.lo  libharfbuzz.la 
libtool: link: ar cru .libs/libharfbuzz-subset-fuzzing.a .libs/libharfbuzz_subset_fuzzing_la-hb-static.o .libs/libharfbuzz_subset_fuzzing_la-hb-subset.o .libs/libharfbuzz_subset_fuzzing_la-hb-subset-glyf.o .libs/libharfbuzz_subset_fuzzing_la-hb-subset-input.o .libs/libharfbuzz_subset_fuzzing_la-hb-subset-plan.o 
ar: `u' modifier ignored since `D' is the default (see `U')
libtool: link: ranlib .libs/libharfbuzz-subset-fuzzing.a
libtool: link: ( cd ".libs" && rm -f "libharfbuzz-subset-fuzzing.la" && ln -s "../libharfbuzz-subset-fuzzing.la" "libharfbuzz-subset-fuzzing.la" )
make: Leaving directory '/src/harfbuzz/src'
+ clang++ -O1 -fno-omit-frame-pointer -gline-tables-only -DFUZZING_BUILD_MODE_UNSAFE_FOR_PRODUCTION -fsanitize=address -fsanitize-address-use-after-scope -fsanitize=fuzzer-no-link -stdlib=libc++ -fno-sanitize=function,vptr -std=c++11 -Isrc ./test/fuzzing/hb-shape-fuzzer.cc -o /out/hb-shape-fuzzer -lFuzzingEngine ./src/.libs/libharfbuzz-fuzzing.a
+ clang++ -O1 -fno-omit-frame-pointer -gline-tables-only -DFUZZING_BUILD_MODE_UNSAFE_FOR_PRODUCTION -fsanitize=address -fsanitize-address-use-after-scope -fsanitize=fuzzer-no-link -stdlib=libc++ -fno-sanitize=function,vptr -std=c++11 -Isrc ./test/fuzzing/hb-subset-fuzzer.cc -o /out/hb-subset-fuzzer -lFuzzingEngine ./src/.libs/libharfbuzz-subset-fuzzing.a ./src/.libs/libharfbuzz-fuzzing.a
+ zip -j -r /out/hb-shape-fuzzer_seed_corpus.zip /src/harfbuzz/test/shaping/data/in-house/fonts /src/harfbuzz/test/shaping/data/text-rendering-tests/fonts /src/harfbuzz/test/api/fonts /src/harfbuzz/test/fuzzing/fonts
updating: 074a5ae6b19de8f29772fdd5df2d3d833f81f5e6.ttf (deflated 34%)
updating: 59a585a63b3df608fbeef00956c8c108deec7de6.ttf (deflated 29%)
updating: e90374e5e439e00725b4fe7a8d73db57c5a97f82.ttf (deflated 46%)
updating: 373e67bf41ca264e260a9716162b71a23549e885.ttf (deflated 29%)
updating: 2a670df15b73a5dc75a5cc491bde5ac93c5077dc.ttf (deflated 41%)
updating: b151cfcdaa77585d77f17a42158e0873fc8e2633.ttf (deflated 32%)
updating: 85414f2552b654585b7a8d13dcc3e8fd9f7970a3.ttf (deflated 78%)
updating: a919b33197965846f21074b24e30250d67277bce.ttf (deflated 38%)
updating: 051d92f8bc6ff724511b296c27623f824de256e9.ttf (deflated 37%)
updating: ab14b4eb9d7a67e293f51d30d719add06c9d6e06.ttf (deflated 31%)
updating: 73e84dac2fc6a2d1bc9250d1414353661088937d.ttf (deflated 33%)
updating: 4fac3929fc3332834e93673780ec0fe94342d193.ttf (deflated 26%)
updating: 932ad5132c2761297c74e9976fe25b08e5ffa10b.ttf (deflated 54%)
updating: 3cae6bfe5b57c07ba81ddbd54c02fe4f3a1e3bf6.ttf (deflated 38%)
updating: 8116e5d8fedfbec74e45dc350d2416d810bed8c4.ttf (deflated 35%)
updating: 5dfad7735c6a67085f1b90d4d497e32907db4c78.ttf (deflated 58%)
updating: 3998336402905b8be8301ef7f47cf7e050cbb1bd.ttf (deflated 52%)
updating: 191826b9643e3f124d865d617ae609db6a2ce203.ttf (deflated 42%)
updating: fcdcffbdf1c4c97c05308d7600e4c283eb47dbca.ttf (deflated 35%)
updating: fbb6c84c9e1fe0c39e152fbe845e51fd81f6748e.ttf (deflated 29%)
updating: a98e908e2ed21b22228ea59ebcc0f05034c86f2e.ttf (deflated 24%)
updating: bf39b0e91ef9807f15a9e283a21a14a209fd2cfc.ttf (deflated 36%)
updating: 1a5face3fcbd929d228235c2f72bbd6f8eb37424.ttf (deflated 48%)
updating: 43ef465752be9af900745f72fe29cb853a1401a5.ttf (deflated 29%)
updating: f9b1dd4dcb515e757789a22cb4241107746fd3d0.ttf (deflated 30%)
updating: 6ff0fbead4462d9f229167b4e6839eceb8465058.ttf (deflated 30%)
updating: 270b89df543a7e48e206a2d830c0e10e5265c630.ttf (deflated 38%)
updating: f443753e8ffe8e8aae606cfba158e00334b6efb1.ttf (deflated 42%)
updating: 8454d22037f892e76614e1645d066689a0200e61.ttf (deflated 44%)
updating: 1c2fb74c1b2aa173262734c1f616148f1648cfd6.ttf (deflated 45%)
updating: 55c88ebbe938680b08f92c3de20713183e0c7481.ttf (deflated 38%)
updating: 53374c7ca3657be37efde7ed02ae34229a56ae1f.ttf (deflated 51%)
updating: 1735326da89f0818cd8c51a0600e9789812c0f94.ttf (deflated 34%)
updating: f22416c692720a7d46fadf4af99f4c9e094f00b9.ttf (deflated 38%)
updating: 813c2f8e5512187fd982417a7fb4286728e6f4a8.ttf (deflated 44%)
updating: 319f5d7ebffbefc5c5e6569f8cea73444d7a7268.ttf (deflated 46%)
updating: ef86fe710cfea877bbe0dbb6946a1f88d0661031.ttf (deflated 42%)
updating: 7a37dc4d5bf018456aea291cee06daf004c0221c.ttf (deflated 30%)
updating: 3cf6f8ac6d647473a43a3100e7494b202b2cfafe.ttf (deflated 8%)
updating: 641ca9d7808b01cafa9a666c13811c9b56eb9c52.ttf (deflated 35%)
updating: 3d0b77a2360aa6faa1385aaa510509ab70dfbeff.ttf (deflated 29%)
updating: d23d76ea0909c14972796937ba072b5a40c1e257.ttf (deflated 43%)
updating: 226bc2deab3846f1a682085f70c67d0421014144.ttf (deflated 36%)
updating: 24b8d24d00ae86f49791b746da4c9d3f717a51a8.ttf (deflated 43%)
updating: 4cce528e99f600ed9c25a2b69e32eb94a03b4ae8.ttf (deflated 36%)
updating: 21b7fb9c1eeae260473809fbc1fe330f66a507cd.ttf (deflated 35%)
updating: cc5f3d2d717fb6bd4dfae1c16d48a2cb8e12233b.ttf (deflated 34%)
updating: b722a7d09e60421f3efbc706ad348ab47b88567b.ttf (deflated 49%)
updating: 85fe0be440c64ac77699e21c2f1bd933a919167e.ttf (deflated 28%)
updating: 8099955657a54e9ee38a6ba1d6f950ce58e3cc25.ttf (deflated 29%)
updating: 81c368a33816fb20e9f647e8f24e2180f4720263.ttf (deflated 29%)
updating: 738d9f3b8c2dfd03875bf35a61d28fd78faf17c8.ttf (deflated 42%)
updating: 604026ae5aaca83c49cd8416909d71ba3e1c1194.ttf (deflated 38%)
updating: 54674a3111d209fb6be0ed31745314b7a8d2c244.ttf (deflated 27%)
updating: 82f4f3b57bb55344e72e70231380202a52af5805.ttf (deflated 57%)
updating: 98b7887cff91f722b92a8ff800120954606354f9.ttf (deflated 39%)
updating: 37033cc5cf37bb223d7355153016b6ccece93b28.ttf (deflated 41%)
updating: 56cfd0e18d07f41c38e9598545a6d369127fc6f9.ttf (deflated 33%)
updating: 15dfc433a135a658b9f4b1a861b5cdd9658ccbb9.ttf (deflated 30%)
updating: 7d18685e1529e4ceaad5b6095dfab2f9789e5bce.ttf (deflated 38%)
updating: 8228d035fcd65d62ec9728fb34f42c63be93a5d3.ttf (deflated 28%)
updating: bb0c53752e85c3d28973ebc913287b8987d3dfe8.ttf (deflated 28%)
updating: 57a9d9f83020155cbb1d2be1f43d82388cbecc88.ttf (deflated 35%)
updating: 96490dd2ff81233b335a650e7eb660e0e7b2eeea.ttf (deflated 29%)
updating: 2c25beb56d9c556622d56b0b5d02b4670c034f89.ttf (deflated 37%)
updating: c4e48b0886ef460f532fb49f00047ec92c432ec0.ttf (deflated 36%)
updating: a6c76d1bafde4a0b1026ebcc932d2e5c6fd02442.ttf (deflated 41%)
updating: 9fc3e6960b3520e5304033ef5fd540285f72f14d.ttf (deflated 48%)
updating: a014549f766436cf55b2ceb40e462038938ee899.ttf (deflated 36%)
updating: 5af5361ed4d1e8305780b100e1730cb09132f8d1.ttf (deflated 40%)
updating: 3c96e7a303c58475a8c750bf4289bbe73784f37d.ttf (deflated 42%)
updating: 5bb74492f5e0ffa1fbb72e4c881be035120b6513.ttf (deflated 32%)
updating: 856ff9562451293cbeff6f396d4e3877c4f0a436.ttf (deflated 36%)
updating: 28f497629c04ceb15546c9a70e0730125ed6698d.ttf (deflated 43%)
updating: af85624080af5627fb050f570d148a62f04fda74.ttf (deflated 30%)
updating: b6031119874ae9ff1dd65383a335e361c0962220.ttf (deflated 41%)
updating: 1c2c3fc37b2d4c3cb2ef726c6cdaaabd4b7f3eb9.ttf (deflated 33%)
updating: TestTTC.ttc (deflated 59%)
updating: 4d4206e30b2dbf1c1ef492a8eae1c9e7829ebad8.ttf (deflated 64%)
updating: 07f054357ff8638bac3711b422a1e31180bba863.ttf (deflated 37%)
updating: af3086380b743099c54a3b11b96766039ea62fcd.ttf (deflated 29%)
updating: 87f85d17d26f1fe9ad28d7365101958edaefb967.ttf (deflated 28%)
updating: e207635780b42f898d58654b65098763e340f5c7.ttf (deflated 37%)
updating: 1c04a16f32a39c26c851b7fc014d2e8d298ba2b8.ttf (deflated 34%)
updating: 1a3d8f381387dd29be1e897e4b5100ac8b4829e1.ttf (deflated 29%)
updating: a02a7f0ad42c2922cb37ad1358c9df4eb81f1bca.ttf (deflated 59%)
updating: 5028afb650b1bb718ed2131e872fbcce57828fff.ttf (deflated 43%)
updating: d3129450fafe5e5c98cfc25a4e71809b1b4d2855.ttf (deflated 33%)
updating: TestDFONT.dfont (deflated 64%)
updating: 3493e92eaded2661cadde752a39f9d58b11f0326.ttf (deflated 23%)
updating: 7e14e7883ed152baa158b80e207b66114c823a8b.ttf (deflated 33%)
updating: ffa0f5d2d9025486d8469d8b1fdd983e7632499b.ttf (deflated 34%)
updating: f518eb6f6b5eec2946c9fbbbde44e45d46f5e2ac.ttf (deflated 37%)
updating: 49c9f7485c1392fa09a1b801bc2ffea79275f22e.ttf (deflated 22%)
updating: 341421e629668b1a1242245d39238ca48432d35d.ttf (deflated 26%)
updating: d629e7fedc0b350222d7987345fe61613fa3929a.ttf (deflated 36%)
updating: 757ebd573617a24aa9dfbf0b885c54875c6fe06b.ttf (deflated 36%)
updating: 8a9fea2a7384f2116e5b84a9b31f83be7850ce21.ttf (deflated 44%)
updating: 573d3a3177c9a8646e94c8a0d7b224334340946a.ttf (deflated 35%)
updating: TestTRAK.ttf (deflated 47%)
updating: ee39587d13b2afa5499cc79e45780aa79293bbd4.ttf (deflated 6%)
updating: a34a7b00f22ffb5fd7eef6933b81c7e71bc2cdfb.ttf (deflated 41%)
updating: e68a88939e0f06e34d2bc911f09b70890289c8fd.ttf (deflated 36%)
updating: 6991b13ce889466be6de3f66e891de2bc0f117ee.ttf (deflated 33%)
updating: bf962d3202883a820aed019d9b5c1838c2ff69c6.ttf (deflated 30%)
updating: 1ed7e9064f008f62de6ff0207bb4dd29409597a5.ttf (deflated 36%)
updating: 03e3f463c3a985bc42096620cc415342818454fb.ttf (deflated 41%)
updating: 706c5d7b625f207bc0d874c67237aad6f1e9cd6f.ttf (deflated 46%)
updating: 881642af1667ae30a54e58de8be904566d00508f.ttf (deflated 38%)
updating: df768b9c257e0c9c35786c47cae15c46571d56be.ttf (deflated 31%)
updating: 663aef6b019dbf45ffd74089e2b5f2496ceceb18.ttf (deflated 30%)
updating: bb9473d2403488714043bcfb946c9f78b86ad627.ttf (deflated 43%)
updating: 45855bc8d46332b39c4ab9e2ee1a26b1f896da6b.ttf (deflated 30%)
updating: 94a5d6fb15a27521fba9ea4aee9cb39b2d03322a.ttf (deflated 33%)
updating: 2de1ab4907ab688c0cfc236b0bf51151db38bf2e.ttf (deflated 60%)
updating: f499fbc23865022234775c43503bba2e63978fe1.ttf (deflated 39%)
updating: d9b8bc10985f24796826c29f7ccba3d0ae11ec02.ttf (deflated 30%)
updating: 298c9e1d955f10f6f72c6915c3c6ff9bf9695cec.ttf (deflated 36%)
updating: TestMORXThirtyseven.ttf (deflated 40%)
updating: TestMORXTwentyfour.ttf (deflated 38%)
updating: TestGVARThree.ttf (deflated 32%)
updating: TestMORXTwelve.ttf (deflated 39%)
updating: TestMORXTwenty.ttf (deflated 45%)
updating: TestCMAPMacTurkish.ttf (deflated 36%)
updating: Selawik-variable.ttf (deflated 75%)
updating: TestMORXTwentyeight.ttf (deflated 37%)
updating: TestMORXThirtytwo.ttf (deflated 42%)
updating: TestMORXSixteen.ttf (deflated 38%)
updating: TestMORXTwentynine.ttf (deflated 42%)
updating: TestMORXTwo.ttf (deflated 51%)
updating: TestMORXThirtyfive.ttf (deflated 38%)
updating: TestMORXTwentythree.ttf (deflated 39%)
updating: TestMORXForty.ttf (deflated 40%)
updating: TestMORXThirtyfour.ttf (deflated 51%)
updating: TestMORXEight.ttf (deflated 41%)
updating: TestMORXFourteen.ttf (deflated 38%)
updating: TestMORXThirtysix.ttf (deflated 39%)
updating: NotoSansKannada-Regular.ttf (deflated 57%)
updating: TestGSUBOne.otf (deflated 47%)
updating: TestGLYFOne.ttf (deflated 40%)
updating: TestMORXFour.ttf (deflated 49%)
updating: TestMORXSeventeen.ttf (deflated 38%)
updating: TestHVARTwo.ttf (deflated 57%)
updating: TestAVAR.ttf (deflated 38%)
updating: TestMORXNine.ttf (deflated 40%)
updating: TestMORXThirteen.ttf (deflated 38%)
updating: Zycon.ttf (deflated 32%)
updating: TestMORXTwentytwo.ttf (deflated 46%)
updating: Selawik-README.md (deflated 58%)
updating: TestCMAP14.otf (deflated 31%)
updating: TestGVARNine.ttf (deflated 53%)
updating: TestMORXEighteen.ttf (deflated 46%)
updating: TestMORXTen.ttf (deflated 40%)
updating: TestMORXThirtyone.ttf (deflated 42%)
updating: TestMORXThirtyeight.ttf (deflated 40%)
updating: TestMORXEleven.ttf (deflated 40%)
updating: TestGVARFour.ttf (deflated 46%)
updating: TestShapeAran.ttf (deflated 58%)
updating: TestMORXTwentyseven.ttf (deflated 39%)
updating: TestCVARGVARTwo.ttf (deflated 45%)
updating: TestCVARGVAROne.ttf (deflated 46%)
updating: AdobeVFPrototype-Subset.otf (deflated 53%)
updating: TestMORXThirtythree.ttf (deflated 39%)
updating: TestMORXTwentyone.ttf (deflated 46%)
updating: TestGPOSFour.ttf (deflated 76%)
updating: TestMORXTwentyfive.ttf (deflated 46%)
updating: NotoSansBalinese-Regular.ttf (deflated 50%)
updating: TestGPOSThree.ttf (deflated 44%)
updating: TestGVAREight.ttf (deflated 57%)
updating: TestMORXFourtyone.ttf (deflated 46%)
updating: TestMORXTwentysix.ttf (deflated 46%)
updating: TestGPOSTwo.otf (deflated 35%)
updating: TestMORXThirtynine.ttf (deflated 40%)
updating: FDArrayTest65535.otf (deflated 68%)
updating: TestShapeKndaV3.ttf (deflated 57%)
updating: TestKERNOne.otf (deflated 35%)
updating: NotoSerifKannada-Regular.ttf (deflated 57%)
updating: TestMORXThree.ttf (deflated 49%)
updating: TestGPOSOne.ttf (deflated 49%)
updating: FDArrayTest257.otf (deflated 75%)
updating: TestGVAROne.ttf (deflated 32%)
updating: TestHVAROne.otf (deflated 46%)
updating: TestShapeEthi.ttf (deflated 54%)
updating: TestGVARTwo.ttf (deflated 37%)
updating: TestGSUBThree.ttf (deflated 40%)
updating: TestMORXOne.ttf (deflated 47%)
updating: Roboto-Regular.nogsub.fi.ttf (deflated 30%)
updating: MathTestFontFull.otf (deflated 64%)
updating: MathTestFontPartial3.otf (deflated 65%)
updating: cv01.otf (deflated 48%)
updating: Roboto-Regular.multihdmx.abc.ttf (deflated 32%)
updating: Roboto-Regular.abc.ttf (deflated 32%)
updating: MathTestFontNone.otf (deflated 66%)
updating: Inconsolata-Regular.ac.ttf (deflated 46%)
updating: Roboto-Regular.multihdmx.a.ttf (deflated 32%)
updating: Mplus1p-Regular.660E,6975,73E0,5EA6,8F38,6E05.ttf (deflated 32%)
updating: MathTestFontPartial1.otf (deflated 66%)
updating: Inconsolata-Regular.ac.widerc.ttf (deflated 46%)
updating: MathTestFontPartial2.otf (deflated 66%)
updating: MathTestFontPartial4.otf (deflated 66%)
updating: Roboto-Regular.components.ttf (deflated 32%)
updating: Roboto-Regular.abc.format4.ttf (deflated 32%)
updating: Inconsolata-Regular.abc.widerc.ttf (deflated 46%)
updating: Roboto-Regular.gsub.fil.ttf (deflated 40%)
updating: MathTestFontEmpty.otf (deflated 66%)
updating: Roboto-Regular.abc.cmap-format12-only.ttf (deflated 31%)
updating: Inconsolata-Regular.abc.ttf (deflated 46%)
updating: Roboto-Regular.ac.nohints.ttf (deflated 27%)
updating: Inconsolata-Regular.ab.ttf (deflated 47%)
updating: README (deflated 22%)
updating: Mplus1p-Regular.660E.ttf (deflated 38%)
updating: Roboto-Regular.ac.cmap-format12-only.ttf (deflated 32%)
updating: Roboto-Regular.b.ttf (deflated 32%)
updating: Roboto-Regular.components.subset.ttf (deflated 31%)
updating: Roboto-Regular.components.1fc.nohints.ttf (deflated 32%)
updating: Roboto-Regular.abc.format12.ttf (deflated 32%)
updating: Roboto-Regular.gsub.fi.ttf (deflated 37%)
updating: Roboto-Regular.D7,D8,D9,DA,DE.ttf (deflated 31%)
updating: Roboto-Regular.ac.ttf (deflated 32%)
updating: clusterfuzz-testcase-minimized-5720051798769664 (deflated 93%)
updating: clusterfuzz-testcase-minimized-hb-shape-fuzzer-5659641787187200 (deflated 82%)
updating: clusterfuzz-testcase-minimized-hb-fuzzer-6023178755244032 (deflated 60%)
updating: clusterfuzz-testcase-hb-shape-fuzzer-5750379279548416 (deflated 44%)
updating: clusterfuzz-testcase-minimized-hb-shape-fuzzer-5718889451749376 (deflated 89%)
updating: clusterfuzz-testcase-minimized-hb-subset-fuzzer-5743250149736448 (deflated 27%)
updating: clusterfuzz-testcase-minimized-hb-fuzzer-6424351550210048 (deflated 41%)
updating: clusterfuzz-testcase-minimized-hb-shape-fuzzer-5649959857160192 (deflated 48%)
updating: clusterfuzz-testcase-minimized-hb-shape-fuzzer-5733166795456512 (deflated 51%)
updating: 0509e80afb379d16560e9e47bdd7d888bebdebc6 (deflated 10%)
updating: clusterfuzz-testcase-minimized-hb-subset-get-codepoints-fuzzer-5736539338833920 (deflated 70%)
updating: clusterfuzz-testcase-minimized-hb-subset-fuzzer-5629878397829120 (deflated 87%)
updating: crash-e4e0bb1458a91b692eba492c907ae1f94e635480 (deflated 45%)
updating: clusterfuzz-testcase-minimized-hb-shape-fuzzer-5679244475105280 (deflated 85%)
updating: clusterfuzz-testcase-minimized-hb-shape-fuzzer-5674361600606208 (deflated 37%)
updating: clusterfuzz-testcase-minimized-hb-fuzzer-4595692015190016 (deflated 79%)
updating: clusterfuzz-testcase-minimized-hb-fuzzer-4548492505645056 (deflated 65%)
updating: clusterfuzz-testcase-minimized-hb-shape-fuzzer-5764636557705216 (deflated 96%)
updating: 1a6f1687b7a221f9f2c834b0b360d3c8463b6daf (deflated 14%)
updating: a69118c2c2ada48ff803d9149daa54c9ebdae30e (deflated 34%)
updating: 5a5daf5eb5a4db77a2baa3ad9c7a6ed6e0655fa8 (deflated 8%)
updating: clusterfuzz-testcase-minimized-hb-fuzzer-5517117891805184 (deflated 29%)
updating: clusterfuzz-testcase-hb-fuzzer-6303297511096320 (deflated 92%)
updating: clusterfuzz-testcase-minimized-hb-fuzzer-5255344882188288 (deflated 78%)
updating: clusterfuzz-testcase-minimized-5255344882188288 (deflated 78%)
updating: b9e2aaa0d75fcef6971ec3a96d806ba4a6b31fe2 (deflated 34%)
updating: fab39d60d758cb586db5a504f218442cd1395725 (deflated 54%)
updating: clusterfuzz-testcase-minimized-4884742786777088 (deflated 44%)
updating: clusterfuzz-testcase-minimized-hb-fuzzer-6260579246276608 (deflated 77%)
updating: clusterfuzz-testcase-minimized-hb-subset-fuzzer-5670861909524480 (deflated 43%)
updating: clusterfuzz-testcase-minimized-hb-fuzzer-5924299061854208 (deflated 77%)
updating: clusterfuzz-testcase-minimized-hb-subset-get-codepoints-fuzzer-6394290358976512 (deflated 39%)
updating: clusterfuzz-testcase-minimized-hb-fuzzer-6210176798425088 (deflated 91%)
updating: clusterfuzz-testcase-hb-fuzzer-6696647723581440 (deflated 48%)
updating: clusterfuzz-testcase-minimized-hb-subset-get-codepoints-fuzzer-5973295416475648 (deflated 30%)
updating: clusterfuzz-testcase-minimized-hb-subset-get-codepoints-fuzzer-5203067375976448 (deflated 75%)
updating: clusterfuzz-testcase-minimized-hb-fuzzer-5303930168803328 (deflated 92%)
updating: clusterfuzz-testcase-minimized-hb-subset-fuzzer-5765071062958080 (deflated 90%)
updating: clusterfuzz-testcase-minimized-hb-fuzzer-4535496598355968 (deflated 79%)
updating: clusterfuzz-testcase-minimized-hb-subset-fuzzer-5609911946838016 (deflated 90%)
updating: clusterfuzz-testcase-minimized-hb-fuzzer-5672141338968064 (deflated 21%)
updating: clusterfuzz-testcase-minimized-hb-fuzzer-6264625609834496 (deflated 68%)
updating: clusterfuzz-testcase-minimized-hb-shape-fuzzer-5635082459545600 (deflated 21%)
updating: clusterfuzz-testcase-minimized-hb-subset-fuzzer-5747265633779712 (deflated 91%)
updating: clusterfuzz-testcase-minimized-hb-fuzzer-6278851874258944 (deflated 75%)
updating: clusterfuzz-testcase-minimized-hb-shape-fuzzer-5738888765636608 (deflated 100%)
updating: clusterfuzz-testcase-minimized-hb-shape-fuzzer-5762490181353472 (deflated 52%)
updating: clusterfuzz-testcase-minimized-hb-subset-fuzzer-5696607199166464 (deflated 11%)
updating: clusterfuzz-testcase-minimized-hb-fuzzer-5388906574905344 (deflated 87%)
updating: clusterfuzz-testcase-minimized-hb-subset-get-codepoints-fuzzer-5630904853069824 (deflated 93%)
updating: clusterfuzz-testcase-minimized-hb-fuzzer-5216838347653120 (deflated 99%)
updating: clusterfuzz-testcase-minimized-hb-subset-fuzzer-5718215406125056 (deflated 29%)
updating: clusterfuzz-testcase-minimized-hb-fuzzer-4706238090706944 (deflated 16%)
updating: crash-4b60576767ee4d9fe1cc10959d89baf73d4e8249 (deflated 42%)
updating: clusterfuzz-testcase-hb-shape-fuzzer-5728971283496960 (deflated 35%)
updating: crash-ccc61c92d589f895174cdef6ff2e3b20e9999a1a (deflated 58%)
updating: clusterfuzz-testcase-hb-shape-fuzzer-5634395566768128 (deflated 27%)
updating: clusterfuzz-testcase-minimized-hb-subset-fuzzer-5690658895953920 (deflated 91%)
updating: clusterfuzz-testcase-minimized-hb-subset-fuzzer-5711951464759296 (deflated 76%)
updating: clusterfuzz-testcase-minimized-hb-shape-fuzzer-5729361857085440 (deflated 94%)
updating: clusterfuzz-testcase-minimized-6460279560863744 (deflated 80%)
updating: clusterfuzz-testcase-minimized-hb-fuzzer-6460279560863744 (deflated 80%)
updating: clusterfuzz-testcase-minimized-hb-fuzzer-6576177596596224 (deflated 59%)
updating: clusterfuzz-testcase-minimized-hb-fuzzer-5331901587914752 (deflated 50%)
updating: clusterfuzz-testcase-minimized-hb-shape-fuzzer-5719982789361664 (deflated 95%)
updating: clusterfuzz-testcase-minimized-hb-shape-fuzzer-5633985665826816 (deflated 29%)
updating: clusterfuzz-testcase-minimized-hb-fuzzer-4769173588672512 (deflated 14%)
updating: clusterfuzz-testcase-minimized-hb-fuzzer-4687441845813248 (deflated 31%)
updating: clusterfuzz-testcase-minimized-hb-shape-fuzzer-5726089628876800 (deflated 57%)
updating: clusterfuzz-testcase-minimized-hb-fuzzer-4841745322868736 (deflated 81%)
updating: clusterfuzz-testcase-minimized-hb-subset-fuzzer-5750092395970560 (deflated 71%)
updating: clusterfuzz-testcase-minimized-hb-fuzzer-5700697074958336 (deflated 32%)
updating: a34a9191d9376bda419836effeef7e75c1386016 (deflated 46%)
updating: clusterfuzz-testcase-minimized-hb-shape-fuzzer-5668791174823936 (deflated 49%)
updating: clusterfuzz-testcase-minimized-hb-shape-fuzzer-5725129603022848 (deflated 94%)
updating: clusterfuzz-testcase-minimized-hb-fuzzer-6624904746106880 (deflated 19%)
updating: clusterfuzz-testcase-hb-fuzzer-5662671558934528 (deflated 63%)
updating: 8240789f6d12d4cfc4b5e8e6f246c3701bcf861f (deflated 35%)
updating: 217a934cfe15c548b572c203dceb2befdf026462 (deflated 43%)
updating: clusterfuzz-testcase-hb-fuzzer-6243458541944832 (deflated 73%)
updating: clusterfuzz-testcase-minimized-hb-subset-fuzzer-5359635656605696 (deflated 100%)
updating: clusterfuzz-testcase-minimized-hb-subset-fuzzer-5651059347816448 (deflated 95%)
updating: clusterfuzz-testcase-minimized-hb-shape-fuzzer-5652019562414080 (deflated 43%)
updating: clusterfuzz-testcase-5517117891805184 (deflated 29%)
updating: clusterfuzz-testcase-minimized-hb-subset-fuzzer-5758598970343424 (deflated 31%)
updating: clusterfuzz-testcase-minimized-hb-shape-fuzzer-5718464350650368 (deflated 39%)
updating: clusterfuzz-testcase-minimized-hb-fuzzer-5294584596791296 (deflated 70%)
updating: clusterfuzz-testcase-minimized-hb-fuzzer-4827735151083520 (deflated 43%)
updating: oom-ccc61c92d589f895174cdef6ff2e3b20e9999a1a (deflated 58%)
updating: clusterfuzz-testcase-minimized-hb-shape-fuzzer-5672261407735808 (deflated 36%)
updating: clusterfuzz-testcase-minimized-hb-shape-fuzzer-5696686572175360 (deflated 96%)
updating: clusterfuzz-testcase-minimized-hb-fuzzer-5713868010553344 (deflated 69%)
updating: clusterfuzz-testcase-minimized-hb-shape-fuzzer-5685596677210112 (deflated 43%)
updating: clusterfuzz-testcase-minimized-hb-subset-fuzzer-5521982557782016 (deflated 83%)
updating: 558661aa659912f4d30ecd27bd09835171a8e2b0 (deflated 88%)
updating: clusterfuzz-testcase-minimized-hb-fuzzer-6160439919509504 (deflated 59%)
updating: clusterfuzz-testcase-minimized-hb-fuzzer-5720051798769664 (deflated 93%)
updating: clusterfuzz-testcase-minimized-harfbuzz_fuzzer-5973566991106048 (deflated 65%)
updating: clusterfuzz-testcase-hb-shape-fuzzer-5746142327865344 (deflated 38%)
updating: clusterfuzz-testcase-minimized-hb-subset-get-codepoints-fuzzer-5930139383758848 (deflated 68%)
updating: clusterfuzz-testcase-6107935408390144 (deflated 63%)
updating: clusterfuzz-testcase-minimized-hb-shape-fuzzer-5740171484463104 (deflated 73%)
updating: clusterfuzz-testcase-minimized-hb-fuzzer-6595199411159040 (deflated 66%)
updating: clusterfuzz-testcase-minimized-hb-subset-get-codepoints-fuzzer-5687638085337088 (deflated 46%)
updating: clusterfuzz-testcase-minimized-hb-shape-fuzzer-5734736291430400 (deflated 29%)
updating: clusterfuzz-testcase-minimized-hb-subset-fuzzer-5542653037903872 (deflated 98%)
updating: clusterfuzz-testcase-minimized-hb-shape-fuzzer-5650286710882304 (deflated 22%)
updating: e88c339237f52d21e01c55f01b9c1b4cc14a0467 (deflated 45%)
updating: clusterfuzz-testcase-minimized-hb-subset-fuzzer-5695279609675776 (deflated 16%)
updating: clusterfuzz-testcase-minimized-5924299061854208 (deflated 77%)
updating: oom-6ef8c96d3710262511bcc730dce9c00e722cb653 (deflated 99%)
updating: 43979b90b2dd929723cf4fe1715990bcb9c9a56b (deflated 33%)
updating: clusterfuzz-testcase-minimized-hb-subset-fuzzer-6651660668502016 (deflated 55%)
updating: clusterfuzz-testcase-minimized-hb-shape-fuzzer-5664873493561344 (deflated 86%)
updating: crash-b577db318b30f2851828a4c9ef97cb30678b1b54 (deflated 48%)
updating: 205edd09bd3d141cc9580f650109556cc28b22cb (deflated 34%)
updating: clusterfuzz-testcase-minimized-hb-shape-fuzzer-5762953198960640 (deflated 37%)
updating: 641bd9db850193064d17575053ae2bf8ec149ddc (deflated 11%)
updating: clusterfuzz-testcase-minimized-hb-subset-get-codepoints-fuzzer-6136125075750912 (deflated 99%)
updating: clusterfuzz-testcase-minimized-hb-fuzzer-4884742786777088 (deflated 44%)
updating: clusterfuzz-testcase-minimized-hb-shape-fuzzer-5677421274071040 (deflated 48%)
updating: clusterfuzz-testcase-minimized-hb-subset-fuzzer-5669437462544384 (deflated 59%)
updating: clusterfuzz-testcase-minimized-hb-fuzzer-5617496443846656 (deflated 73%)
updating: clusterfuzz-testcase-hb-fuzzer-4666056377368576 (deflated 68%)
updating: 3511ff5c1647150595846ac414c595cccac34f18 (deflated 32%)
updating: clusterfuzz-testcase-minimized-hb-shape-fuzzer-5630246225707008 (deflated 53%)
updating: clusterfuzz-testcase-minimized-hb-fuzzer-6723367514144768 (deflated 61%)
updating: clusterfuzz-testcase-minimized-hb-shape-fuzzer-5656511058018304 (deflated 29%)
updating: clusterfuzz-testcase-minimized-hb-fuzzer-6111685556305920 (deflated 75%)
updating: 375d6ae32a3cbe52fbf81a4e5777e3377675d5a3 (deflated 27%)
updating: clusterfuzz-testcase-minimized-hb-shape-fuzzer-5695615258853376 (deflated 45%)
updating: clusterfuzz-testcase-minimized-hb-shape-fuzzer-5750379279548416 (deflated 72%)
updating: clusterfuzz-testcase-minimized-hb-subset-fuzzer-6543700493598720 (deflated 93%)
updating: clusterfuzz-testcase-minimized-hb-fuzzer-4523479581851648 (deflated 75%)
+ cp /out/hb-shape-fuzzer_seed_corpus.zip /out/hb-subset-fuzzer_seed_corpus.zip
	Command being timed: "unshare -Urm --map-root-user bash -lc set -e
rootfs="$1"
command="$2"
mount --make-rprivate /
mount --rbind /proc "$rootfs/proc"
mount --rbind /dev "$rootfs/dev"
mount --rbind /sys "$rootfs/sys"
chroot "$rootfs" /bin/bash -lc "$command" _ /tmp/svb-11060-vul-rootfs-329888 for f in /.singularity.d/env/*.sh; do source "$f"; done; cd /src/harfbuzz; arvo compile"
	User time (seconds): 140.62
	System time (seconds): 11.77
	Percent of CPU this job got: 138%
	Elapsed (wall clock) time (h:mm:ss or m:ss): 1:50.27
	Average shared text size (kbytes): 0
	Average unshared data size (kbytes): 0
	Average stack size (kbytes): 0
	Average total size (kbytes): 0
	Maximum resident set size (kbytes): 158720
	Average resident set size (kbytes): 0
	Major (requiring I/O) page faults: 19
	Minor (reclaiming a frame) page faults: 3627185
	Voluntary context switches: 25716
	Involuntary context switches: 28147
	Swaps: 0
	File system inputs: 0
	File system outputs: 1480560
	Socket messages sent: 0
	Socket messages received: 0
	Signals delivered: 0
	Page size (bytes): 4096
	Exit status: 0
